index,distance,x1,y1,x2,y2
0,13426.169706956634,277,-2660,7585,8603
1,12723.13176855447,6947,4109,-1944,-4992
2,774.9812900967352,9231,-541,9101,-1305
3,7051.649027000706,4733,-128,6848,-6855
4,7711.143170762685,9310,6203,6490,-974
5,16246.061061069542,-6301,6519,5625,-4513
6,11107.824494472354,4660,9814,-1078,303
7,9463.895022663766,7221,1136,1818,8906
8,12751.008822834372,-8091,7585,-8076,-5166
9,10482.361279788061,-893,105,-5626,-9248
10,19516.260323125432,-8908,-4381,7251,6563
11,20433.198476988375,9589,6479,-9571,-621
12,15877.691834772459,6630,-8064,-9117,-6031
13,496.1219608120568,-7929,-8366,-7820,-8850
14,2381.6351525790005,7516,-726,6651,1493
15,18307.506056260092,-9456,-3263,7627,-9846
16,9573.056617402824,656,-153,-4777,7729
17,11161.496897817962,4925,5617,-5858,8499
18,8735.626480110055,6341,-612,7924,7979
19,2885.6146658900943,-2371,-9932,-4095,-7618
20,7975.783159038365,4740,-3485,-2049,701
21,11829.354166648322,3223,3623,-8579,2819
22,3222.8535492634473,-4081,1753,-2528,-1071
23,7185.281135766366,-5663,-5392,-204,-720
24,15761.492219964453,-4974,-9026,5095,3100
25,13353.604045350454,-1651,-6951,3428,5399
26,4449.159583561822,-6942,8682,-2532,9271
27,4363.258530043802,3970,6647,7447,9283
28,6938.361261854272,3649,3034,3830,-3902
29,24218.11165223251,-9651,-7224,8043,9312
30,17443.63660479087,9493,4410,-6470,-2623
31,15106.530673850963,224,9095,-5414,-4920
32,12403.287709313205,1058,2087,-9903,-3718
33,5592.465288224863,1267,4478,1745,-1094
34,4293.736018900091,577,-8357,4164,-5997
35,13036.867453495108,1906,-3958,-4146,7589
36,4195.114539556697,-3841,5657,-6576,8838
37,16033.491572330713,-5638,-6951,8808,5
38,13199.018902933658,-3909,-6844,9289,-7008
39,2738.0615405793933,9184,-7680,6825,-9070
40,10048.23765642513,-2901,-8769,2137,-75
41,20256.929925336663,8503,-7891,-3968,8072
42,14069.662184999326,-9373,-4482,3962,5
43,3763.8344809515734,-8367,-9797,-5100,-7928
44,12199.650855659764,-7365,-9935,3494,-4375
45,7784.358290829116,5874,1109,3449,8506
46,9082.495912468114,3028,-6792,8962,84
47,1447.7820968640274,3298,-4539,1975,-5127
48,3411.2033067526186,-3871,-938,-2893,2330
49,561.9475064452195,8684,8130,8143,8282
50,7358.245986646546,2221,194,-869,-6484
51,1604.8538874302544,3378,707,1828,291
52,7951.992203215494,705,-1054,-7191,-1996
53,8824.813255814539,-1458,-3904,-7483,2544
54,11375.695583128092,-9995,1884,240,-3081
55,8990.02035592801,3689,2837,3244,-6142
56,2590.324497046654,710,-8340,-1880,-8381
57,3431.361245919759,-9918,3436,-8162,6384
58,4456.363652127146,-4193,8720,146,7704
59,2085.811113212316,-2461,-3904,-593,-4832
60,20345.62331313543,-3519,-9153,8713,7105
61,4016.577896667759,3324,-4977,5941,-8024
62,15733.70893972556,-2861,6334,-1847,-9367
63,7758.382370056273,2349,6211,9830,8267
64,11602.133683077436,-9969,-5118,-4744,5241
65,10237.369290984867,-1736,-3380,8415,-2053
66,4020.070273017625,8073,8844,4936,6330
67,10427.879554348525,3968,-303,8832,-9527
68,8787.718702826121,-1875,5287,6245,1927
69,16704.098449183064,-8917,9978,1295,-3241
70,2344.1441935171138,-992,6529,-3048,7655
71,20021.303903592292,-6031,7609,7350,-7284
72,10210.531132120404,-8321,-6871,1590,-4416
73,12322.608043754373,5720,7773,107,-3197
74,3441.834539892933,1010,-2947,-2415,-2607
75,13055.040788906022,-9837,1137,3142,2544
76,6079.179714402265,-8032,3324,-7427,9373
77,14460.996680727092,-764,-7266,616,7129
78,15786.217057927463,-617,-8454,-174,7326
79,2312.4056737519045,7689,-4787,7861,-7093
80,2931.4762492641826,6309,-5722,9197,-6225
81,5878.570234334195,-4886,-1371,-344,-5103
82,13153.858293291743,-3933,7520,8735,3978
83,18556.239381943746,8670,1527,-7826,-6971
84,7143.962485903744,7980,2494,1370,5204
85,2060.6261184407035,8660,917,8798,-1139
86,11432.294607820426,5036,-6489,-5988,-9517
87,9054.144741498227,8463,8783,1819,2632
88,5874.698715678958,7411,-7255,1625,-6238
89,11325.437784032898,-4297,-242,2088,-9596
90,8537.360540588643,-1617,5137,5781,9398
91,8739.252427982614,1228,2052,-5110,8069
92,8748.88935808426,-3621,1753,4992,3289
93,11699.147874952261,-5327,6351,-3762,-5243
94,14494.852914051939,6155,-9426,3470,4818
95,9287.727655352519,-6940,1961,-9158,-7058
96,8059.028725597149,1199,8397,5769,1759
97,14028.990876039516,-7513,4576,6095,7987
98,11476.352425749219,-8044,-6459,-9497,4925
99,14278.13188060679,-1850,-3847,-6799,9546
100,11522.78928905671,4902,-7000,-426,3217
101,1449.0086266133821,-1549,6700,-2498,7795
102,11181.839920156253,5297,-6071,-5233,-9833
103,3110.81420210208,-2663,-9796,-5770,-9642
104,13196.908918379333,-6481,6041,-18,-5465
105,8161.40165657836,-5318,-1627,-1617,-8901
106,3468.6850534460464,-6020,7690,-2744,8830
107,16133.76137173226,8941,-2646,-7139,-1330
108,6169.020748870926,-1589,-6442,-7708,-5658
109,1942.0054067895899,-7368,2327,-6291,711
110,14382.270474441788,7732,-3481,-6470,-5751
111,13743.016553872007,7308,-4411,7906,9319
112,14910.934310096065,-111,-8357,1450,6472
113,2998.9426470007725,-8469,-7168,-8225,-4179
114,10305.344099058508,-8227,-996,662,-6210
115,14809.15274416467,-3952,-5414,8974,1813
116,2568.138041461167,-9880,230,-7993,-1512
117,5549.23355068067,-3485,5331,-8872,3999
118,9379.316073147338,3762,7837,-5135,4868
119,7391.963812140858,1905,3488,9253,4293
120,20249.7287142322,7172,-4589,-9071,7503
121,12384.590465574547,9996,7209,5412,-4296
122,16321.025948144314,-5332,-8239,5956,3549
123,17405.098477170417,5525,8358,7583,-8925
124,3668.314190469513,-955,5608,2293,3903
125,1803.5290405202795,-8302,-2551,-9643,-1345
126,11860.271202632763,2447,-4342,-2505,6435
127,13803.120299410564,-8538,7115,-8949,-6682
128,19108.388524415135,2688,-6380,-9668,8196
129,4073.746801164746,-4048,-272,-631,1946
130,16947.55445484687,-3548,6608,8731,-5073
131,6504.731354944645,-6494,4112,-1777,-367
132,12950.62407762653,-1347,-8845,9411,-1635
133,11018.53933150851,-3555,9246,7017,6141
134,18409.83606662482,8818,-1934,-9174,1966
135,17070.172143244483,9904,-5857,-7052,-7828
136,13835.366023347557,-8942,9678,-2105,-2350
137,11716.787614359151,-2610,6944,-1324,-4702
138,13700.49156052439,7714,-8328,-5921,-6990
139,12593.813878249908,-7070,5621,2712,-2311
140,17206.007846098408,241,7117,9950,-7088
141,17206.819839819327,-8539,-4283,4968,6377
142,4187.398834598873,-562,7873,-240,3698
143,18449.265378328753,659,7486,-6333,-9587
144,18383.457699790863,-5559,-9622,-1228,8244
145,14576.562008923778,-9977,-16,4487,-1824
146,11916.891289258285,9246,9955,-1,2438
147,9920.14541224069,-5268,4258,4458,6211
148,9922.118826137894,8641,910,-1280,1059
149,8542.016213986017,-1990,-7625,-4995,371
150,11215.749818893073,-8439,5067,-3859,-5171
151,5569.167352486366,-1805,-9302,-7305,-8427
152,6641.442764941967,-7921,-178,-1440,-1629
153,9068.465195390012,-1740,-3299,-1246,5756
154,4398.973061977079,193,1379,-4027,137
155,9501.580184369335,-7616,-9858,1885,-9753
156,4056.5163625948803,3041,1964,1990,-1954
157,9131.395566943751,602,2165,9730,2414
158,13832.225562070624,-6126,-4043,7574,-2135
159,3092.2810350936734,-6593,2314,-6504,-777
160,7636.93564199673,5462,1457,9357,-5112
161,16389.96357531035,-4890,-5007,9755,2352
162,6958.133729672059,3812,-621,8367,4639
163,13343.659543018925,-4307,9913,2530,-1546
164,11828.977851023308,-4842,3283,339,-7351
165,6571.0019022977,3953,-2539,-2552,-3468
166,7426.784297392782,3141,2173,4678,-5093
167,10644.32881867147,-6287,-2102,4203,-296
168,19228.580394818542,1793,-8892,-9559,6628
169,8866.990921389284,-276,-8298,6962,-3176
170,10930.381237633022,-2342,7097,853,-3356
171,14421.802522569778,-4878,-4752,9484,-3440
172,1789.4392976572299,8148,5460,9930,5623
173,10903.181049583649,-8319,3628,2182,6562
174,8275.361986040249,-2313,-6451,5807,-8047
175,11035.850125839876,-2182,-8124,3840,1124
176,18674.39490318227,6778,5331,-3922,-9974
177,20227.530373231428,9906,3573,-7731,-6331
178,4128.79946231347,-4895,8195,-4316,4107
179,17124.766158987397,-6973,5458,727,-9838
180,2823.785579678457,7250,5513,4449,5155
181,8741.474989954499,-4240,3204,2876,-1873
182,12059.457118792703,-7299,-7477,-7404,4582
183,12282.710327936584,7636,-1260,-4537,-2898
184,9628.199104713196,-2364,1895,3929,-5392
185,15497.41088053098,-9442,-4138,-2630,9782
186,14304.118148281634,-6093,-7691,4493,1929
187,4149.933131991406,-2440,3391,-2528,7540
188,11631.786320251933,-6658,5576,245,-3786
189,13636.778395207572,5972,-3419,-3218,6656
190,5139.402299878849,6192,7384,7792,2500
191,16937.650634016514,-8398,-5143,7130,1622
192,4950.133735567151,-3221,-3361,1179,-1093
193,2881.9703329493177,2261,6728,3953,9061
194,8717.617220318863,-8951,-2680,-876,605
195,5955.928559007403,2848,-8047,3174,-2100
196,6346.758621532727,5060,1133,2501,-4675
197,7722.616460759915,-4138,-3800,3583,-3642
198,10806.683117404711,8854,-6486,9234,4314
199,19591.345129929185,7965,-7212,-4515,7890
200,4930.182653817199,-7789,-6103,-3488,-8513
201,6827.994800818173,-6178,9401,-3686,3044
202,8544.117157436454,-7992,-182,465,-1399
203,7994.665346341897,-6142,4256,-6535,-3729
204,10012.77309240552,-2536,2990,-7536,-5685
205,4223.993607949709,2179,-8030,2020,-3809
206,17452.849194329276,-9691,2658,7737,1727
207,5628.800227401928,-4057,9163,-8001,5147
208,14140.438748497163,7878,-6830,5876,7168
209,13164.920736563514,7958,1680,-3059,-5527
210,3960.8899252566966,3094,-6062,3626,-9987
211,14066.862798790638,-5104,291,7801,5889
212,15195.247283279072,-9044,4905,5830,1797
213,13221.764481339093,8624,-5969,-4596,-6185
214,3128.1560063398374,6290,5992,8082,8556
215,9301.278030464417,6431,104,-1172,5462
216,12290.141252239537,2957,-5961,-9009,-3157
217,14408.636611421638,-7351,7333,6102,2173
218,10012.504182271286,7631,1740,-281,7876
219,20526.893627629095,8035,-9017,-7684,4184
220,13867.697033033279,3118,-4384,5779,9226
221,20407.938259412684,5344,-4947,-8718,9843
222,19129.603890305727,1771,-9245,-2926,9299
223,7367.228311923012,-7531,-1237,-7589,6130
224,15981.29046729331,-4015,-887,8206,9411
225,11095.210002519105,-1648,3292,8178,-1861
226,12194.293132445193,-3205,6808,8927,8039
227,11017.27116848814,483,2563,-8307,-4079
228,7886.7083120906655,-1895,4375,-8317,8953
229,7418.595891406944,-607,1224,4907,-3739
230,2325.356961844783,9204,-6038,8742,-8317
231,8601.60833797959,-5906,-3031,1279,-7760
232,8549.352841004984,7590,1273,8637,9758
233,19210.35606124988,1100,-8486,8984,9032
234,6954.430602141343,1076,-2477,-4736,1342
235,9971.095075266307,974,-204,-6922,-6293
236,9076.945356230806,2605,219,3629,9238
237,8820.707567990223,-8621,-6084,8,-7913
238,16043.433952866824,7177,-2155,-8866,-2273
239,14703.775841599327,-3576,4748,7704,-4684
240,10446.782901927272,2079,9820,-7729,6223
241,15692.168906814635,-7686,-74,4932,-9403
242,14666.180757102375,-3534,-8254,-8777,5443
243,12332.41797053603,1515,-3300,-9532,-8782
244,14637.065313784728,-8882,1969,5718,3010
245,7615.3335448948,8213,5040,637,4267
246,6744.54483267774,6687,3427,694,6521
247,16324.53368399845,7227,-7408,7359,8916
248,10314.400903591057,-4561,-9451,-90,-156
249,14344.682812805586,1650,-7285,9555,4685
250,12860.039346751626,-108,-168,9908,-8234
251,8130.879903183911,3822,1044,6860,8586
252,8348.166026140112,-1117,7329,-7043,1449
253,14751.164089657466,463,-6600,-7056,6091
254,5874.669182175282,1989,5867,7526,7830
255,15902.514581034033,8228,9590,1881,-4991
256,21940.85187498425,8121,-5212,-9013,8493
257,9436.438788017438,595,-5054,-8841,-4963
258,16580.058383491898,-5658,9862,-5702,-6718
259,13390.398239036806,9234,-3769,-2868,-9500
260,13391.024344687004,-888,4758,7349,-5800
261,1530.8994088443565,-1342,4212,-255,5290
262,9037.740923483036,-7404,2617,36,7748
263,3744.031116323688,-1066,4454,1954,2241
264,1881.2402823669283,5420,4270,3872,3201
265,18455.25832926757,7841,4502,-9383,-2126
266,2266.7355381693737,2775,-620,916,-1917
267,9097.382150926716,8080,9502,7051,463
268,16813.06396823613,9157,-2422,-7647,-2974
269,6029.992537308815,3989,-7637,2336,-1838
270,10028.382621340294,-2105,-8342,4858,-1125
271,7057.2859514122,-4962,-4271,1199,-7713
272,14245.450782618289,-1390,-8211,3922,5007
273,6461.724382856329,-579,-1562,-6878,-3003
274,6822.316322188528,-5408,-4555,552,-1235
275,15772.132702966965,8000,6315,777,-7706
276,10663.810669737155,8607,-445,420,-7278
277,2752.245991912787,-1506,6872,1,4569
278,8537.451610404594,-3380,51,-6372,8047
279,12139.20808784494,4256,-3707,-6442,-9444
280,5251.864145234528,3152,-4710,2251,464
281,11711.509040256085,748,-3089,4368,8049
282,8598.843701335663,-6624,3905,-9612,-4158
283,15250.624774087126,9480,-5073,-4300,1461
284,8193.068533827847,-330,-1257,-8064,-3961
285,2551.7078594541345,2567,-910,4250,-2828
286,6077.56678284986,-255,3752,-1948,9589
287,9660.668506889158,7126,-5488,9926,3758
288,7266.173477147377,-4844,-3813,-9858,-9072
289,3326.5719592397218,-8184,-6706,-4868,-6441
290,3208.6286790465488,-6573,-6006,-8706,-8403
291,4044.046488357917,-5459,7265,-7965,4091
292,8420.989253050973,1822,-695,9060,-4999
293,4147.4142546893,-205,-3502,-4148,-4788
294,8563.111642387947,-4695,6957,3725,5398
295,9486.729309936065,640,320,-8632,2327
296,16125.721968333697,-2435,8854,775,-6949
297,10976.071428339012,-9172,2134,-184,-4166
298,16556.414859503853,4076,-6884,439,9268
299,15700.95264625685,-1121,7130,-9276,-6287
300,11555.046732921508,6801,-3464,-1867,4177
301,9895.462091282045,8991,-1195,-860,-2132
302,9457.621318280828,-6172,7841,679,1321
303,12860.688628529966,-2667,3399,-5123,-9225
304,11373.380324248372,8552,7023,804,-1303
305,14953.118370426953,7431,3602,-7512,4152
306,17516.679508399986,-4108,5246,5857,-9160
307,6742.992288294567,-272,-2039,4980,-6268
308,12423.502927918518,2281,355,-7478,8043
309,8484.409761438917,-3565,-3010,1888,3490
310,19015.569647002427,-9241,-9718,5254,2590
311,18210.285802260216,9401,-969,-7029,-8822
312,2249.350350656829,7716,-3592,9580,-2333
313,14350.631658571689,-5219,4343,5446,-5259
314,10028.601198572012,6944,-2490,8823,7361
315,12785.470386340896,7731,2425,-5047,1988
316,17721.091670661826,8621,4905,-9100,4962
317,16857.282847481678,-5713,-6550,-9749,9817
318,9537.283575526104,1159,1114,-4994,8401
319,10585.38619985119,6917,-1980,477,6421
320,12548.634666767537,-9654,6903,-7408,-5443
321,3727.764611667427,-1793,-3694,-5363,-2621
322,15521.31389412636,3371,6108,3103,-9411
323,3256.9415100673823,-7075,5733,-4767,8031
324,18345.42855863553,-1647,-9936,-9604,6594
325,13947.994622883965,8324,5779,9089,-8148
326,12560.179019424842,-3630,9286,-8614,-2243
327,5628.0132373689385,-4695,6998,-8017,2455
328,5373.241107562549,-303,1360,3655,4994
329,6000.243078409408,-3116,4297,2418,6616
330,5740.456514947222,147,-8573,5832,-7777
331,16672.80624250159,-3171,9736,-763,-6762
332,21808.849786267958,9591,-4728,-7884,8320
333,4741.609958653285,-6095,840,-9219,4407
334,17948.988745887607,-7706,-5314,5488,6855
335,12996.08190956028,-6407,671,2736,-8565
336,7824.480685642978,2347,307,4484,-7220
337,3363.778381522778,-8258,1991,-9959,-911
338,1201.6409613524334,2133,3203,1798,4357
339,3967.775195244811,5479,-7625,8777,-9831
340,18128.55344477325,7182,7771,-6945,-3590
341,10812.344241652687,-8897,-6461,-5809,3901
342,6970.512176303833,8630,-681,9484,6237
343,12378.165453733442,5526,-8449,-1952,1415
344,9479.658696387756,748,9685,5593,1537
345,17956.011388947158,-4425,8454,-7606,-9218
346,12006.908552995646,-8493,6367,-3171,-4396
347,7214.7851665867365,1006,4633,2076,-2502
348,10940.71903487152,2304,2444,-8449,4462
349,14910.417331516916,-9139,-405,5500,2427
350,11051.572286331027,-2532,7128,-3137,-3907
351,4088.7631381629335,-7691,-3747,-8919,-7647
352,7535.610725083933,922,4735,-4868,9558
353,18397.652812247547,4425,9831,7710,-8271
354,12209.977313656238,-2476,-3498,7913,2917
355,10235.617470382527,-5679,-1961,1982,-8749
356,8914.06125175276,-1341,6618,-379,-2244
357,5519.5468111068685,-5951,-2554,-1992,-6400
358,6297.129504782318,-5883,6166,-179,8834
359,17580.93242692207,-3182,-9979,4801,5685
360,18668.412037449783,8030,-4411,-5428,8527
361,13902.912069059488,3651,-9345,2351,4497
362,15079.145068603857,-3399,-2840,6947,8130
363,14097.49059230046,-6064,296,8032,91
364,19212.297832378095,4592,9135,-9056,-4387
365,16794.89330123892,9321,-3149,-6875,-7594
366,16503.231501739287,-5869,-5065,2702,9038
367,12649.061981032428,9863,6989,-2737,8102
368,16163.569562445047,9535,-2547,-5640,3019
369,17006.13010064312,-8395,-4024,7811,1131
370,2806.544138259721,3853,-391,3994,-3194
371,17130.807102994302,6284,8198,-6742,-2928
372,11312.441160067972,5988,-8906,-610,283
373,12002.720524947666,8206,2835,-3664,4615
374,6951.37173513257,-7475,-3120,-663,-4505
375,11588.360755516718,3736,1705,-4701,9649
376,9847.937093625244,1561,-9540,-3970,-1392
377,17516.76582591661,9708,-4373,-6706,1744
378,15698.77377376972,-2212,-9226,-5245,6177
379,15859.928404630331,-817,-9021,5203,5652
380,9441.294932370241,8772,-3049,549,-7688
381,3386.41550905969,-2497,-703,-2840,2666
382,11245.390966969535,4863,-8028,-5874,-4685
383,15116.046374631165,-8695,7000,5872,2963
384,18063.15445873173,-6291,-3921,8394,6597
385,8489.873615078142,-3135,-2563,5192,-908
386,10513.680849255412,-6725,1462,-943,-7319
387,19674.22867611333,4601,9892,-8904,-4415
388,15113.14424598667,-9635,1131,3642,-6089
389,3690.685031264521,-2687,-4541,103,-6957
390,9320.165502822361,782,-2351,-8367,-4129
391,9207.659854707927,2795,9265,8765,2255
392,13985.645247896144,4279,-9414,-8733,-4287
393,11573.329901113162,1599,6646,-6767,-1351
394,20731.873480223632,-9541,7766,9646,-87
395,11203.04289021514,7693,-1597,996,7384
396,14981.367961571466,1476,9937,1371,-5044
397,15820.725552262134,-5787,3457,9359,-1114
398,4297.7371953156935,7219,-8630,9151,-4791
399,5866.177034491884,917,-1298,2949,-6801
400,12225.633112440435,-2144,-6450,9355,-2298
401,8155.178600128877,-4070,-6944,2117,-1631
402,15436.848933639274,-3661,-6323,4236,6941
403,5866.423101004563,-8453,7588,-3119,5146
404,4206.908722565775,2728,1219,2969,5419
405,6401.773269962004,-428,3565,5623,1475
406,7159.456473783467,-4500,-6913,-2679,11
407,21522.375565908147,-2584,-9456,8635,8911
408,10437.326190169588,3802,-377,-3645,-7690
409,12121.102260108195,-5210,-9994,-1734,1618
410,13078.560318322503,-8493,2753,3971,6715
411,11977.831606764223,7717,3495,-3570,-514
412,16724.34826831826,-7118,5640,8113,-1268
413,10903.534335251115,-3295,632,4499,8257
414,13773.638916422922,-787,-6222,5461,6053
415,6717.214899048563,-4507,-9353,-2531,-2933
416,1340.7647071727388,2701,-7501,1518,-6870
417,10141.229609864871,813,-1507,9196,4200
418,5520.219651426924,1511,-3008,-3045,109
419,5443.632794375462,-5101,2895,342,2978
420,11461.527167005277,-687,-9704,-3813,1323
421,19627.16036516745,-9853,8913,2767,-6119
422,6769.986262910731,4960,1326,6315,-5307
423,5706.154572038861,-5680,9288,-9070,4698
424,8789.54475499158,-6074,6055,-2830,-2114
425,14775.807016877285,4432,6441,4720,-8332
426,10742.743131993802,-9696,3061,-3783,-5908
427,14610.44044510637,3020,-8412,-8221,921
428,10851.302226000344,2929,-6916,-3665,1702
429,17936.726931076362,4209,1842,-9284,-9976
430,5006.626508937929,779,-4026,-1174,-8636
431,14192.11587466788,-3595,-3028,8122,4980
432,6484.561743094131,-2891,4153,-6745,9368
433,13379.172807016135,-1501,3698,-2840,-9614
434,15948.950843237308,3716,5957,7759,-9471
435,15175.580549026781,5027,3786,-3251,-8933
436,3196.712373673928,5179,400,6892,3099
437,9481.273384941498,-6558,3742,2721,1794
438,8071.9114217141905,-4291,-2502,-6018,5383
439,12722.38476072784,-6790,-1608,5667,977
440,9659.239307523134,-66,-1322,-9668,-2372
441,7500.181664466535,903,-8954,-6247,-6689
442,17336.61010693844,7833,9014,-8554,3355
443,16152.115186563027,-5566,3384,9367,-2772
444,9048.772568696817,830,6132,9612,8313
445,11714.4475755368,-2865,8721,-6694,-2350
446,11342.00070534295,3820,5822,8186,-4646
447,8549.920759866725,-2569,4349,4003,-1120
448,784.6177413237608,-4716,5524,-4104,5033
449,16621.254254718566,-9383,558,5654,-6524
450,13627.042599184902,3647,3474,-886,-9377
451,8138.6704073822775,-7820,6189,-4636,-1301
452,7254.66470624246,-7346,-5111,-2418,213
453,16966.265411103293,5567,4672,-7334,-6347
454,6904.779286841832,3482,2878,5431,-3746
455,1566.787796735729,-6705,8746,-5195,8328
456,3180.4416359996294,6922,1587,4250,-138
457,11406.547681047057,-2408,-567,8435,2974
458,3059.719758409257,-6249,-2106,-5247,785
459,4182.1288837146085,-5844,5249,-9683,3590
460,8072.207380884116,3370,-3524,-4004,-6808
461,5761.246132565419,-6174,5731,-7415,105
462,17543.6147358519,9678,8131,-2799,-4202
463,5785.686648963976,-7373,-5325,-1636,-6074
464,16321.667806936888,-3956,9482,-4302,-6836
465,11195.87370418227,2884,-2367,-5194,5385
466,8612.552525238962,6585,2744,-1409,5949
467,11692.847215285077,-3146,845,7778,5015
468,6850.159706167441,-5138,1609,1710,1781
469,8723.122606039651,3444,-6544,-5244,-7326
470,7486.94116445428,9642,5116,7690,-2112
471,13292.453874285215,-5641,8428,7648,8731
472,8174.085942782838,247,-4834,4163,2341
473,9866.334932486328,5619,197,2157,-9042
474,12874.545428868547,-2117,684,8027,-7244
475,11411.127244930713,3789,-1937,7366,8899
476,10168.916264774727,3173,-7390,906,2523
477,8961.560857350689,-8666,514,-1344,-4653
478,14592.657948434206,4677,-8574,-2894,3901
479,15844.032946191446,-6344,4258,9384,6172
480,13432.909625245009,-8317,2173,4778,-821
481,8879.453417863062,2068,-826,-5054,-6129
482,10919.324383861851,-7493,-9816,-9175,973
483,4195.083431828263,-1978,6170,-4155,9756
484,13936.90015749557,8578,-3746,3947,9399
485,17593.96171986287,3066,-9239,899,8221
486,6388.530973549397,4482,8967,9670,5239
487,18257.717409358705,-5021,-8530,8297,3959
488,7639.126258938257,8568,-3128,3533,2617
489,15714.784503772236,-3970,1929,6636,-9667
490,4833.888703724983,-972,5389,-2920,9813
491,7654.925015961946,1532,2790,7861,7096
492,11525.499555333816,-2667,-6345,8855,-6061
493,15008.207921001094,-7571,4043,1497,-7916
494,9382.225588846177,-2889,-7717,-7743,312
495,9063.478360982608,-842,6371,8210,5915
496,7530.297470883869,-6313,-8310,-6127,-782
497,19013.96707686221,-5501,6747,8099,-6541
498,4000.7764246455963,5870,-9132,5504,-5148
499,12814.548763027124,394,-4786,-74,8020
500,11694.81055853407,4435,-8327,-3528,238
501,12737.283266065806,6263,-9784,-4553,-3057
502,5887.224303523691,7292,3135,7701,-2738
503,7833.411772656918,1347,4389,-5565,703
504,5830.1143213491105,-3804,6264,2024,6421
505,3679.791434307113,-9510,-2234,-9677,1442
506,11081.209771500582,1550,-2202,-8713,1977
507,9392.01389479381,2387,-3381,9817,-9126
508,12842.397361863555,5315,4017,7394,-8656
509,12954.137910335832,-8083,2430,-2491,-9255
510,12567.499433061455,3142,6124,6163,-6075
511,11705.2554436031,9584,8370,6750,-2987
512,10337.646589045304,-8929,-588,1130,-2972
513,12937.968812761917,-9639,-9761,-2258,865
514,18494.509131090774,-5295,5613,9997,-4789
515,13107.920697044212,-7539,5746,5254,8602
516,17440.83257760363,-5047,8025,-1043,-8950
517,7913.330841055491,-8206,-264,-660,2119
518,10390.597672896396,-6855,-2482,-5501,7820
519,16635.53167169598,-8703,423,7932,290
520,13429.577245766153,7957,8542,-2550,178
521,13926.231722903363,6228,4634,-7271,8057
522,7798.608209161427,4970,3892,-2819,3505
523,7304.0550381277935,9612,-897,4060,-5643
524,13447.2773824295,5161,4833,-8126,6903
525,13070.275016234356,-6280,4206,5403,-1654
526,11529.912575557544,-4942,-1757,-4464,9763
527,16458.96144961765,3862,7357,-3372,-7427
528,9553.206634423857,-2882,4345,1132,-4324
529,4604.253794047413,-8805,-5166,-5817,-1663
530,17562.45956578975,9036,6675,-895,-7810
531,2843.9699365499628,-197,-9057,-2975,-9666
532,8388.092751037031,7551,-1149,-571,-3245
533,17911.897526504556,1674,-8454,-8219,6478
534,9915.923809711327,-2680,2222,-9732,9193
535,5506.322275348583,5959,9444,8592,4608
536,7867.87576160173,6726,-1452,-839,-3614
537,10584.472400644258,-252,-3890,-8292,2994
538,3024.6312171899567,-4963,-6993,-6500,-9598
539,7869.772550715808,-1714,5498,4868,1184
540,19109.299568534687,-2098,5422,9453,-9801
541,13255.859081930526,-1192,1256,-9622,-8974
542,13084.573092004186,-7613,5172,2724,-2850
543,13735.801287147393,-3208,-3306,8203,4340
544,10582.865254740796,6757,-6253,8946,4101
545,6678.2460272140315,7627,2997,2026,6634
546,14382.487197977964,2845,9156,-1492,-4557
547,12537.313667608385,9996,9943,-599,3240
548,7456.643346707686,4967,-5799,-2300,-4128
549,12400.996734133914,5710,4778,-2706,-4330
550,12021.693474714782,7709,8429,-624,-236
551,8835.171758375725,9130,-6373,5162,1521
552,12171.050283356815,-4702,3748,-946,-7829
553,11448.899379416347,7961,-4218,-598,3386
554,10472.383873789197,-3267,-3236,5651,-8726
555,16548.57398690292,7288,-4759,-9038,-7464
556,9033.196167470294,2517,-9827,-6515,-9680
557,13982.881426944878,-3624,4054,8539,-2844
558,8929.258087881657,-3897,643,3752,-3964
559,12622.629242752875,-9472,-5545,2903,-8033
560,8439.348316072752,3825,-3469,7675,4041
561,10910.17199681105,-1203,-7978,4555,1289
562,4034.999132589746,4318,4039,4445,8072
563,8444.819773091667,-2696,9635,670,1890
564,13644.376497297339,117,7057,8248,-3900
565,11545.012516234012,-3848,6203,7635,7398
566,11850.177931153608,651,-8251,32,3583
567,9927.245942354808,-6099,9989,-7003,103
568,14296.748336597382,8044,-3559,2277,9523
569,10171.00398190857,1319,5856,-5362,-1813
570,15895.164862309544,1319,-9184,8094,5195
571,13281.749470608154,-298,-3433,-9736,5912
572,12509.669939690655,-7016,662,5083,3841
573,6302.143127540027,-814,-298,-6446,2530
574,21744.24873386064,5647,7643,-8050,-9245
575,5109.509271936005,5372,7094,873,4672
576,8795.88597015673,-6889,-8215,-3342,-166
577,6998.2701433997245,-7014,2300,-2518,-3063
578,2969.3005910483366,-5194,649,-2269,138
579,14677.60910366535,-882,5110,3446,-8915
580,5987.851868575241,-504,-7259,4427,-3862
581,9747.608373339586,2738,-2866,-5475,2384
582,17209.182897511433,9586,-7324,5312,9346
583,20223.940516130875,-7263,-6950,8320,5941
584,6518.582668034517,-5229,-3493,-9101,1751
585,5730.691145053972,-4367,-6700,-1542,-1714
586,4597.082661862847,-7223,3850,-9211,7995
587,7641.54120580397,-8344,3402,-9280,-4182
588,15624.325905459089,1343,7298,-2811,-7764
589,14506.729783104116,-2022,7881,4125,-5259
590,6887.5047005428605,3917,5318,-2928,4554
591,15611.890116190289,9529,-7574,-4148,-46
592,8421.726723184503,-436,-6529,-7201,-1513
593,7386.737913314645,4532,-357,9321,5267
594,13225.344229924603,-3507,-5857,-9008,6170
595,8253.43564826188,-9487,4763,-1291,5735
596,11358.37250665781,7191,4911,-4024,6710
597,5685.196654470275,-4785,321,-9480,3527
598,15361.358077982559,-7233,-5486,-3224,9343
599,3310.3517939941066,461,2926,-2841,3161
600,11153.540469285974,-9868,3186,944,5925
601,18115.791260665377,3592,-4720,-9866,7407
602,7786.781877001564,-728,-671,5908,3403
603,7413.340205332546,2037,7770,-5341,8493
604,5564.217824636271,-640,-4755,3998,-7829
605,14849.33254392264,-6988,-4451,4013,5523
606,13859.496563728424,8398,-2663,-3151,4999
607,5669.007849703508,-2690,-2876,-7985,-4901
608,13396.79342230819,-9762,2242,-567,-7501
609,6980.477992229472,7286,-1998,1543,1970
610,6749.983851832536,4344,6713,-2295,7932
611,7068.914555997972,1723,-7122,-4230,-3310
612,1140.396860746293,7420,-6610,7031,-5538
613,21756.59709145711,8513,8606,-8581,-4853
614,13505.770803623169,7671,-1727,-1707,7992
615,10388.5510539247,-7783,-4115,2230,-1347
616,1025.1243826970463,5224,-5795,4648,-6643
617,7510.529475343266,4068,7697,875,899
618,7260.466995999637,1389,-6437,-5552,-4307
619,14839.221846175089,-2667,-4616,1605,9595
620,16659.221170270837,-142,7437,-1145,-9192
621,14997.015836492272,3923,2610,-9249,-4560
622,1473.9623468732163,22,4690,-980,3609
623,11938.82779003031,-3476,4586,-8479,-6254
624,5648.869975490673,1572,-2146,-1314,-7002
625,9373.783067684039,-2418,1305,-9538,7402
626,18318.012037336364,2687,-4770,-8287,9897
627,5675.4955730755355,-9199,5258,-3730,3741
628,15095.392144624797,-7869,-3936,7171,-5228
629,5874.759058889139,-8158,-7734,-2321,-8399
630,13791.806589421127,-9734,-6458,286,3019
631,6275.257205884074,4322,-1296,6465,-7194
632,4541.2319914314,5848,-6273,1466,-7465
633,3777.688711368368,-3398,5319,-692,7955
634,17226.220072900498,-9679,9799,4958,716
635,1791.4365743726457,-8994,-4166,-7437,-3280
636,8734.621915114587,1390,7750,-7342,7536
637,12677.791329723013,-9336,6546,-5989,-5682
638,841.4998514557207,-6500,-8333,-5911,-8934
639,3935.0360862386,5911,-2767,2914,-217
640,1643.4555059386305,-9373,-7614,-9048,-9225
641,8749.934914043646,-869,6756,2546,-1300
642,7760.235885590077,-1170,-2586,5024,-7261
643,18919.13116398319,9151,7458,611,-9424
644,11415.431879696887,4603,3050,-5548,8272
645,11383.992840826983,7209,7169,-3948,9431
646,10803.556497746471,-5516,7245,4957,4593
647,5815.761772975231,-5472,3958,-1846,8505
648,3039.738475592925,-5471,3742,-6284,6671
649,12169.784920038644,5265,5362,-3047,-3527
650,16712.2635211392,-8109,-6877,8285,-3631
651,7089.7653698835475,1625,3143,8522,4785
652,12761.290373626016,5931,-6992,325,4472
653,12585.606143527613,1507,6019,-6654,-3562
654,4842.3547990621255,2996,-3900,3244,-8736
655,11914.088676856489,-5912,3065,5241,7255
656,13487.846381094352,-390,-9419,-5150,3201
657,11102.84130301789,2747,7504,-3267,-1829
658,15304.375583472853,-5117,-9914,-3651,5320
659,19637.56504763256,7148,3487,-9383,-7113
660,10740.56655861319,3869,6755,-6612,9102
661,8098.12632650294,-5777,50,-2432,7425
662,13226.474208949261,3414,-5976,-1690,6226
663,1317.7347988119614,2787,-4539,3542,-3459
664,16910.27409594534,7273,-4356,-6946,4797
665,18936.76213083958,-1466,-8505,-7994,9271
666,14634.822205957953,-6002,7064,7053,450
667,9091.870489618734,4584,5316,-4413,4006
668,8335.947336685855,-5709,5873,-1132,-1094
669,10300.487755441487,8742,-1729,-1150,1143
670,3801.179422232,4798,-6481,8589,-6759
671,2849.0673912703433,-2992,-1294,-463,-2606
672,12141.930859628546,6158,1675,-1401,-7827
673,6525.314398555827,-5355,3315,-8623,-2333
674,8796.651692547568,3556,8046,3015,-734
675,7908.30152434769,-5045,1884,1938,-1828
676,5866.910941884153,-4556,131,-9068,3881
677,6079.528682389779,4856,-6777,8066,-1614
678,9748.14469527407,-3053,7718,-5332,-1760
679,11386.927812188853,-5995,-4742,-4744,6576
680,4848.970303064352,-3198,5217,-8046,5314
681,4727.2152479023,5202,-4435,9122,-1793
682,14624.395850769357,-6285,-2739,8270,-1316
683,6446.65572215548,-1960,-6173,3957,-3614
684,9199.39128421006,3391,1136,-5105,4664
685,15078.470114703281,-7948,-4712,-2333,9282
686,17718.146291302597,7599,666,-9633,-3456
687,23026.618379605807,8780,8637,-7705,-7440
688,11014.431669405372,-4481,948,6175,3735
689,11842.823987546213,-1177,-1827,-9129,6949
690,10051.852764540476,-1937,8935,4263,1023
691,15529.394225146067,-7435,-5763,4468,4211
692,14613.58166227568,-7791,2756,4729,-4781
693,5461.843736322013,659,-2289,-4505,-4068
694,12018.001539357532,2612,-1763,-4832,7672
695,7812.647310611173,-6132,-5093,-6429,2714
696,7388.995398564002,-4164,-2832,-8522,3135
697,12050.015975093145,2460,5716,62,-6093
698,11306.53165210269,5957,1888,2124,-8749
699,15029.644972520142,915,9062,-6323,-4110
700,1643.7274713285046,7646,-1570,7842,-3202
701,12740.11561956955,-5879,-5664,26,5625
702,4206.890538152853,7723,593,4341,3095
703,12825.022183216683,-7199,-2452,-3444,9811
704,9369.254612828066,543,-6618,-8643,-4774
705,16187.651713574764,5443,5927,-8715,-1921
706,8018.222870437065,482,5780,6675,687
707,14477.701475027035,7136,-4588,-7152,-2252
708,11701.538787697968,-4738,-7758,6311,-3905
709,9738.595894686256,4608,9592,6449,29
710,5152.184876341298,5161,1978,16,2250
711,4882.908149863153,-2232,-1699,1954,-4213
712,10641.453378181008,459,9438,-5160,401
713,13472.385275072858,-1336,5047,-1638,-8422
714,8069.330393533282,-2155,-1447,-1077,6550
715,9106.549785731147,-1870,8310,6470,4653
716,12484.80740740521,-8573,108,2731,-5192
717,16423.711060536836,-7827,7625,791,-6356
718,10509.781348819775,-3500,-2962,4640,-9610
719,11356.493516926781,-5101,-8538,-2472,2510
720,14742.66549847754,5434,8135,-6685,-260
721,8886.453116964045,-9036,843,-3568,7848
722,12813.758426004448,521,-1650,7719,8951
723,1324.357202570364,3585,5229,2846,6328
724,10418.483814836014,19,-6987,-9118,-1981
725,5709.508297568189,6776,-3382,1098,-2783
726,13579.605480278136,-9445,9320,-9711,-4257
727,12705.586369782388,-8645,-6538,-675,3357
728,6537.185021092794,993,-1230,-3885,-5582
729,4355.085533029173,-3639,-7531,-6862,-4602
730,19866.83178063377,7605,5418,-6704,-8364
731,1392.1673749948316,-5760,9168,-4613,8379
732,8103.076761329612,199,-4280,-7879,-3643
733,16308.012263914938,-7856,9514,7252,3374
734,10936.341252905378,8148,-9252,9882,1546
735,9095.419121733754,1119,1809,8687,6854
736,8404.153734909898,4341,-3935,-3829,-1965
737,15443.715258965376,1112,8290,-6993,-4856
738,6424.299183568586,9233,5335,3625,2201
739,18867.470630691332,8910,1217,-8888,-5045
740,6530.887382278154,6032,-1741,5875,-8270
741,16415.434809958584,6586,-2405,-6934,6905
742,6662.734048421864,-9857,-1405,-5982,4015
743,14371.389981487524,-6100,9618,-6591,-4745
744,9624.993974024088,9478,7455,3825,-335
745,15717.377961988444,-8961,4535,6756,4644
746,13951.467198828946,9788,2435,-3966,96
747,12854.90836217824,-386,5982,-7261,-4880
748,16680.36030785906,7920,-2094,-8746,-1402
749,6912.716181068046,-6634,7132,-5068,399
750,13876.219153645563,-2915,-9173,8732,-1630
751,17934.882910127963,-7217,-2835,9788,2865
752,9564.512376488412,8136,146,8235,-9418
753,7662.267157963105,-9399,-2764,-2086,-477
754,18100.606536798703,-5015,-4093,8939,7436
755,11725.689574604983,7426,1718,-364,-7046
756,11543.32278852151,-1314,2361,7537,9771
757,7136.903880535312,-2030,6440,4851,4546
758,7505.754126002264,-3768,-2808,3364,-469
759,15192.13181222438,-127,-4839,9728,6723
760,17629.66420553721,-8932,8986,8356,5532
761,12828.121998172608,6079,8368,3262,-4147
762,14469.393145533091,-3729,-8104,6134,2483
763,7608.410740752631,-2688,-3925,3507,-8342
764,3791.2616633516604,-6230,-2447,-4066,666
765,9588.05407786168,-1270,-7582,1839,1488
766,5641.319881020753,3136,-6894,-2113,-4827
767,12055.78952205122,3374,-6686,-7007,-556
768,13889.068291285777,-4278,5179,8749,362
769,23135.715463326393,9967,1936,-9994,-9761
770,17047.026250933035,-2324,-8289,-6976,8111
771,13981.78919165927,1824,-6280,6347,6950
772,7911.8830249189095,-6260,-1526,-3157,-8804
773,12513.802499640147,6788,-4650,-3074,3053
774,13489.123099742252,-1125,8034,-9456,-2575
775,12410.642690852073,-4766,-1735,-9162,9871
776,5156.933197162825,374,-7643,4952,-5269
777,11018.322785251847,-2165,8472,-8551,-507
778,8402.790310367147,1277,-2962,-6034,1180
779,8817.180785262373,-8044,694,-1098,6125
780,13057.320743552254,9226,6499,-2014,-146
781,17277.305374392155,6319,8967,-7741,-1074
782,9673.3474040789,1287,-9964,-8282,-8547
783,8495.3792734639,134,-6816,3296,1069
784,18573.282854681343,-8423,1645,9683,5785
785,4507.772177029358,-5032,7806,-591,8579
786,13570.368454835705,5271,-1984,-8299,-2084
787,14586.674638175762,-7499,7881,4422,-525
788,19328.021445559294,6985,-7015,-3772,9043
789,17872.433522047297,-834,-8818,8768,6256
790,11165.856527826247,7563,1160,-3573,344
791,6824.9624174789415,-8853,2192,-7209,-4432
792,12036.930381122922,3582,-8937,-7420,-4054
793,12635.418473481597,-5954,-7065,1920,2817
794,10418.784046135133,-306,-8508,9525,-5058
795,4104.658085638803,4079,5866,6292,2409
796,8696.682700892336,-4833,-1409,3390,-4240
797,13653.171975771784,-3535,7040,-8283,-5761
798,16065.826620501044,1299,-9440,9362,4456
799,5754.71398072919,7726,-7423,6568,-1786
800,18577.103434066357,-4417,-8514,-2683,9982
801,11242.060887577509,-3239,-6381,-3276,4861
802,13188.493924629909,8408,-2707,-4158,-6711
803,4761.975430428007,-7472,-9945,-9201,-5508
804,4865.17676965596,-2739,-2592,937,595
805,26373.844050498214,9446,9528,-9271,-9053
806,15787.685644197505,6475,8331,2492,-6946
807,2150.689424347458,7636,-7464,7137,-5372
808,5119.6578010644425,-5308,-546,-1344,2694
809,11524.975488043348,162,7849,5388,-2423
810,17623.948167195682,-4069,7506,449,-9529
811,13890.353811188541,7340,-3023,-3137,6097
812,8902.228316550862,-1320,-8291,-3657,299
813,9574.30587562357,9699,-5003,3602,2379
814,4084.5823531910823,2153,3030,6131,2103
815,14563.757241865851,5458,9823,-6269,1187
816,16966.904991777374,-3263,-3398,7206,9954
817,11888.0969040465,926,3304,974,-8584
818,2481.4417180340947,-9108,1466,-6755,678
819,16720.38710676281,-8742,7397,4401,-2939
820,9119.058065392499,7731,-6772,5913,2164
821,8784.765904678394,-3655,1103,-3771,9887
822,3872.212416694105,5744,-9046,6334,-5219
823,11025.414368630323,3858,5346,7709,-4985
824,19655.756459622713,6314,-5498,-6495,9411
825,16987.97495288947,8501,7918,-6896,740
826,20803.45202123917,9520,6193,-3776,-9807
827,4761.476451690169,4169,-4367,8516,-2424
828,10560.33602685066,-7998,3098,386,9519
829,5015.465681270284,-361,-2624,1779,-7160
830,16985.156166488432,-5209,-5263,6622,6924
831,9659.018221330778,9763,7347,7256,-1981
832,9185.820594808065,4790,-11,710,-8241
833,9113.766345479788,-5890,-6499,2954,-8700
834,10213.861169998347,-2893,9580,2399,844
835,6692.570358240547,-6865,114,-5458,6657
836,15409.80976521125,-474,9492,8145,-3282
837,14344.995852212714,-7820,-5188,5721,-9923
838,16633.004448986358,6833,-6722,-6558,3144
839,1863.70518054761,-21,3737,-1155,5216
840,18807.871676508217,5101,-7987,-9865,3404
841,7406.0407776355105,-3574,910,-4362,-6454
842,5411.771798588703,-2309,-1557,2384,-4252
843,13816.663128266535,5542,5537,-7814,1999
844,15914.739363244376,4334,7819,-6146,-4158
845,11153.941007554236,7988,-6755,5896,4201
846,10191.69961292031,7251,-5886,-2899,-4965
847,15604.636394354084,7820,3332,-7749,2278
848,14242.46860624941,-8660,-9199,5534,-8025
849,10004.240550886409,1429,6233,-8176,3435
850,1092.7735355507104,-7996,223,-9073,38
851,17412.816343142196,-9259,1300,6288,-6542
852,8835.954956879306,-1450,-1892,6848,-4928
853,17197.617189599263,4850,-6487,-1541,9479
854,10194.929720208962,-1243,-4472,8553,-1648
855,8469.349502765841,2822,-8536,6038,-701
856,9921.425905584338,4723,-164,3019,-9938
857,7528.155816665859,1116,-1644,-4511,-6645
858,12647.657688283629,7295,4318,3717,-7813
859,11998.443940778321,9076,1533,485,-6843
860,10654.41941168077,831,-223,-6191,-8236
861,7402.61176882862,-568,-4058,-2887,2972
862,12663.85233647329,4001,6656,-5829,-1328
863,5843.469602898606,-9628,-182,-4887,3234
864,15747.956851604591,8349,2370,-6175,8457
865,13659.80409815602,5693,7769,-7965,7547
866,8082.932697975408,4151,-9268,-2550,-4748
867,14597.775857986038,3477,8501,3145,-6093
868,13088.87076871034,6269,-9495,-1778,828
869,11865.499778770383,4868,7008,-6459,3474
870,7861.213964776687,-2531,-6317,1410,485
871,12582.834815732105,1954,6170,-5572,-3914
872,6622.947455627291,-1329,5763,-7337,2976
873,6676.153683072313,2437,-5057,-4061,-6589
874,14267.805892988592,1613,5901,-6765,-5648
875,13414.893402483674,5494,9706,2476,-3365
876,10670.53822447584,1325,-6017,-1444,4288
877,5206.622033526151,5771,2852,6404,8020
878,16226.430815185451,-9420,-9864,-3389,5200
879,16815.673165234868,2026,-9178,-2854,6914
880,11634.42293369121,-6353,-3032,-1667,7617
881,10738.511116537526,2379,-432,-8310,-1462
882,4056.7851804107154,-5101,-6343,-8292,-8848
883,15865.508028424429,-9419,-2165,5552,-7417
884,4908.661019056011,-1605,2524,-5397,5641
885,3435.4663438898656,7656,4258,5811,7156
886,7565.072967262114,445,-3510,-7115,-3233
887,22466.680150836706,-9588,7723,7053,-7371
888,1966.5769753559102,4764,9223,3988,7416
889,11276.23239384503,5790,-2641,-2181,5335
890,2856.6487358441536,-1121,-802,1048,1057
891,1943.2200081308345,6735,6635,5537,8165
892,11234.278125451587,-6336,-72,1066,8379
893,14745.427223380135,-4287,7966,583,-5952
894,13055.703734383682,-5309,-3955,7361,-805
895,15040.962003808134,-5911,-2148,7442,-9071
896,10030.709845270174,-527,3274,1159,-6614
897,19621.08355825437,6338,-8959,-2404,8607
898,5734.732164626348,-1488,-9592,-1311,-3860
899,3646.04443198379,457,-5728,-2577,-3706
900,8249.754056940123,3533,6466,2714,-1743
901,9758.160687342672,-1587,1537,8171,1481
902,17420.37823929205,-4397,-5064,9076,5979
903,18413.992071248427,1090,-6285,-8610,9367
904,8468.282529533364,8701,-801,4629,6624
905,9745.951826271254,-926,-1863,-6555,-9819
906,10488.180871819479,8655,4669,1022,-2524
907,4208.569947143566,-3140,2008,-850,-1523
908,3469.1522019075496,-5617,-3873,-5428,-7337
909,19521.019466206166,-9185,2476,7116,-8264
910,19105.49643427252,9821,9241,-7242,646
911,7585.677293426079,-6225,-1530,245,2430
912,3595.844546139335,4417,3346,6234,243
913,7662.9237240103075,-6731,7822,-7711,222
914,12724.805892429165,253,-8699,-1776,3863
915,15378.659109298183,8905,-619,-5025,5897
916,7903.454055031888,2048,310,-5471,-2125
917,5814.960446985001,-828,763,-75,6529
918,9069.851817973655,-3814,2919,2042,9845
919,13262.58002803376,4816,7725,-3061,-2945
920,18382.55373989153,-6856,-7315,-7,9744
921,18185.05237825836,2686,-5868,-6987,9531
922,9773.943421158116,8659,-5837,198,-944
923,6038.817268306767,245,1801,510,7834
924,13263.008482241125,1272,-3547,-9615,4028
925,13255.538465109594,5497,7076,-4497,-1632
926,4314.741707217247,3865,-1659,3945,-5973
927,4542.092579417553,-3630,-577,364,1586
928,14536.620377515539,-3253,5837,4261,-6607
929,13857.15616567844,-5481,1080,8375,901
930,2807.1925477245054,-8280,-2733,-8041,64
931,13413.735721267212,-7366,-6825,5975,-5430
932,7382.818025659308,-24,-9172,5955,-4841
933,9496.217826061069,1430,3094,-6178,-2589
934,5395.1201098770725,-1765,4086,-1729,-1309
935,14276.199214076554,-5706,-877,7724,3965
936,17339.51031603834,4298,-5106,-9149,5841
937,6492.192618830713,-7392,-4105,-5014,1936
938,12470.096270678907,-4742,8996,1083,-2030
939,13022.661210367103,-1351,-1902,9001,5999
940,12379.400025849394,74,-6543,-7353,3361
941,4058.4472400168024,-1766,8550,-2641,4587
942,11767.275003160248,3155,-8899,-5226,-639
943,3838.06943657876,-376,1777,-3892,3316
944,16631.951899882348,2745,7029,-2935,-8603
945,5250.580253648162,5000,7823,9833,9875
946,9712.701477961731,240,9516,-3647,615
947,2370.8557526766576,-5395,5624,-3069,5165
948,15580.906552572607,2458,-6787,-9867,2745
949,10928.354038920957,-4893,7239,5948,5860
950,4147.7632526459365,6186,-667,8260,2925
951,880.0204543077393,6490,5033,5680,5377
952,6723.0588276468325,4952,-4456,-980,-1292
953,6960.041666541947,-5111,3384,1281,630
954,11006.916007674448,-1562,-1184,-9988,-8266
955,14905.459301879966,-2177,-5168,-23,9581
956,16506.950081708008,7177,-2522,-5723,7777
957,16378.63608485151,-4250,-6947,9372,2147
958,17081.50169042523,-7857,8293,3033,-4867
959,6929.923664803242,-4823,2189,-9014,7708
960,8272.550876241257,-4883,2108,-8506,9545
961,3893.7706660767785,-9650,5642,-8335,1977
962,10842.233164805119,-634,1436,9662,-1962
963,4992.4697295026235,400,4556,-123,9521
964,10371.173945123088,-9910,2149,-2853,9749
965,10047.553582837963,-6544,-584,-5842,9439
966,13880.04239907069,-6225,5892,971,-5977
967,13494.721227205844,-4475,-7973,-6765,5326
968,12032.063871173557,2013,8193,2173,-3838
969,12428.003741550772,-790,2901,7911,-5973
970,8819.799770969861,-8036,-8729,-4684,-571
971,7336.248973419591,7361,8932,176,7450
972,6458.326795695616,-4871,5614,-350,1002
973,13039.99171778878,-8091,-6850,4359,-2972
974,12702.93072483669,5628,-9809,523,1823
975,7537.679881767333,1566,6106,-5807,7673
976,6200.643998811736,2214,-6309,-2671,-2490
977,11521.23747693797,-5802,-8090,5701,-7442
978,6231.008666339664,-5213,4771,574,2461
979,20284.416999263252,8758,6820,-4329,-8678
980,2528.3008127989833,-2694,-3111,-5215,-2919
981,2714.899077313925,3790,-6854,1399,-8140
982,17257.19018264561,-8309,-9443,7154,-1781
983,7498.363154715835,-933,-5524,-8348,-6639
984,18202.519083907042,-7957,1119,9892,-2451
985,9047.049519042106,3770,-4023,7658,4146
986,17113.15461859677,4561,7056,9155,-9429
987,6087.351230214994,4014,-2654,1068,-7981
988,13745.950530974567,-4240,-5373,7290,2111
989,18583.67232276764,4856,7412,-2453,-9674
990,17393.933108989466,6595,-9952,-2000,5170
991,6217.67167032805,-8001,1705,-3472,5965
992,15859.730672366413,7254,8804,-8302,5715
993,5592.669934834345,2993,-7405,-2553,-8126
994,15086.876184286792,-8594,-4017,2874,5786
995,9111.833624468787,3913,485,8679,-7281
996,7529.057444328606,6111,8035,4370,710
997,6424.223299356896,4389,-6969,-1357,-9842
998,4831.655306414149,5429,5396,5792,578
999,10890.436768100717,-924,-2983,6129,5315
1000,19233.248737537815,8325,1905,-8396,-7599
1001,19315.795220492477,-9589,9637,-2920,-8491
1002,5299.559415649569,-4291,4227,630,6194
1003,6432.776228037161,-9642,-1281,-3683,1142
1004,7534.505756849616,-1646,-5501,-9105,-4437
1005,16730.04781822216,7040,1942,-6120,-8388
1006,4741.019405149065,7260,3693,3064,5900
1007,6134.692983352957,5658,-1976,345,1091
1008,6634.841972496406,338,2383,5660,6345
1009,17809.833968906056,-3861,8717,8184,-4402
1010,4354.987944874245,-5443,-6288,-8199,-9660
1011,2223.6636436295844,1889,-4418,3847,-5472
1012,16239.791254816055,-9718,7205,6050,3319
1013,5345.93097598538,846,3861,2013,-1356
1014,14523.769655292665,-5130,4969,8793,9103
1015,4316.577579518293,4887,-272,8796,-2103
1016,1255.6404740211267,-196,-1477,252,-304
1017,25180.02511912965,9973,-9653,-9071,6820
1018,7307.155192001878,4511,28,3785,-7243
1019,13278.299966486673,-3083,4529,-4378,-8686
1020,10104.383207301671,515,9339,7771,2307
1021,10615.300702288183,6606,622,-3691,3202
1022,5361.013523579287,-759,-6284,4012,-8729
1023,15932.04399943711,-5495,5427,-9744,-9928
1024,7239.8919881445745,1584,-5071,8304,-2377
1025,8618.310391254194,3388,4146,2631,-4439
1026,8103.344741524947,-1403,7870,6517,6156
1027,2228.621995763301,7616,-779,6216,955
1028,9640.746859035351,-6931,8993,709,3113
1029,17916.630068179675,-5562,7545,9805,-1667
1030,10583.257957736832,-168,-5350,250,5225
1031,21222.228558754145,-6557,6774,8984,-7678
1032,15618.45078745008,1892,-7333,-8106,4666
1033,8188.549627376023,1543,-137,5235,-7446
1034,7965.474813217352,7102,4548,-856,4893
1035,11239.025269123653,8885,-2465,325,-9748
1036,10474.1146165201,-654,-5314,9820,-5363
1037,1694.1593785709772,-7870,-3264,-6946,-1844
1038,13280.846358572182,8605,-7775,-4651,-8587
1039,14175.996790349524,4651,-7823,3370,6295
1040,7730.418164627318,-2731,9843,-6252,2961
1041,6229.5619428656455,8795,-4197,5336,-9378
1042,11810.223537257878,3403,647,-6779,6631
1043,837.8090474565191,5863,1989,6413,2621
1044,1271.802657647797,-2744,-5354,-1593,-5895
1045,16801.64188405407,6498,6823,2301,-9446
1046,11296.289390768989,6813,9787,4690,-1308
1047,5217.980164776405,-2498,7815,-4649,3061
1048,11217.713893659438,3942,-1176,8626,9017
1049,10743.459079830853,-1364,9241,8308,4564
1050,2782.127243675242,-4665,2397,-3499,-129
1051,4399.611460117813,-4227,4305,-7892,6739
1052,15170.128048240067,-656,-5564,-4352,9149
1053,5815.847315739986,-4139,6078,1213,3802
1054,4008.81840446783,-3435,167,-5658,3503
1055,457.31936324629856,738,6597,683,7051
1056,13955.135255525114,-7531,1767,699,-9503
1057,12596.483993559472,-2488,2830,8440,-3435
1058,5281.7182810142385,-152,3269,5070,4061
1059,4437.912234373276,9862,4303,5978,6450
1060,7313.650388144077,4469,-1833,6868,-8742
1061,25791.68707161282,7954,9641,-8997,-9798
1062,11307.201289443821,418,7243,-3717,-3281
1063,15721.573744380681,1686,8555,7702,-5970
1064,13165.696715328057,-4494,3192,8247,-125
1065,13859.000901940948,-3936,-4031,5173,6414
1066,17404.079320665027,1139,-7861,243,9520
1067,6369.290776844781,3848,3169,7509,8381
1068,13233.726043711196,6558,-5731,-1073,5081
1069,11619.967986186537,-4546,-9316,-7212,1994
1070,7933.854107557058,-7831,-2897,-1335,1658
1071,2431.528120339142,-4983,1161,-7163,2238
1072,14549.379093280922,-7937,4225,6407,6661
1073,7229.310409714055,2725,1044,4452,8064
1074,15339.344966457988,2924,9130,-5456,-3718
1075,9389.668577750761,-487,-9997,-913,-617
1076,9699.413848269389,2688,4573,-6657,1975
1077,3051.9641216764,4246,-5643,6788,-3954
1078,5925.345222010275,1094,4968,-2310,118
1079,13136.829450061381,-9159,491,2373,6783
1080,1590.249351516925,8466,3501,8269,1923
1081,6590.821496596612,9820,4795,3252,5343
1082,9831.397103158839,1968,1677,-4432,-5786
1083,8377.424723624797,2310,-3563,-936,4160
1084,19133.224819669056,7619,-4721,-8677,5305
1085,4702.524428432031,3356,7137,5246,2831
1086,19478.67821490976,3357,9458,-8587,-5929
1087,8736.38970055709,1168,-3158,6965,-9694
1088,3599.717350015137,144,630,3635,1508
1089,16667.934545107863,8135,-8160,7026,8471
1090,6575.336341207193,-1051,3345,3027,8503
1091,16592.57740678042,7803,-6212,576,8724
1092,9698.471271288068,-2805,-688,5819,-5125
1093,11145.002198294982,-1933,-6033,-6226,4252
1094,17980.58024647703,-7889,3760,8906,-2661
1095,11838.76078819063,1753,-7210,5072,4154
1096,11465.64302601472,3668,-41,-4039,-8530
1097,10883.44688046944,2395,-807,-7195,4339
1098,10256.861313286829,7689,4888,5591,-5152
1099,5375.103812950964,1426,3259,5181,7105
1100,3280.320258755233,-7441,2508,-6296,5582
1101,8981.956357052733,-487,7604,-3413,-888
1102,4851.753600503636,-1864,966,-6677,354
1103,16950.608071688755,-9123,-4575,7682,-6792
1104,14958.406766764969,-8930,6331,-5327,-8187
1105,7774.2730849900045,-7256,2124,-4755,-5237
1106,8452.507320316263,-2,5301,8446,5025
1107,8851.84302843199,-2766,-854,-8631,-7484
1108,6534.67566142345,9924,-2909,9205,3586
1109,12951.717878335676,2332,-6438,-8458,726
1110,9202.459888529806,-8092,-8859,1110,-8767
1111,9166.691060573603,-8693,-8664,-6140,140
1112,10873.655687026328,3119,3230,9671,-5448
1113,14897.35466450336,8262,-3938,-6412,-6508
1114,12926.292469227206,-3895,-8420,7654,-2614
1115,2924.527483201346,2383,2987,93,4806
1116,8019.896071645817,7762,-1146,4940,-8653
1117,8187.462671670632,-257,-8854,-4410,-1798
1118,3527.54943267986,-7181,6747,-3839,7876
1119,11063.10806238464,487,224,-8127,-6718
1120,16201.321088108834,-5332,9793,3206,-3976
1121,3830.3172192391585,1592,-734,-1165,-3393
1122,13238.361718883496,1300,7492,-4014,-4633
1123,5341.784720484344,-4710,-3907,-2752,-8877
1124,15248.361518537,-7890,2188,7237,268
1125,3063.0458697185713,4872,-2218,7717,-1083
1126,2564.7473559787522,4826,4153,2378,4918
1127,10679.4311646267,6853,-4508,466,4051
1128,9018.64113932914,7652,-2913,-216,1495
1129,9196.296917781636,1065,-3496,-7046,-7830
1130,12113.548447915664,2228,-1614,-6806,-9684
1131,9589.691340184,5054,-3799,206,4475
1132,13498.965367760597,-8763,-8385,-6542,4930
1133,10529.16753594509,-2927,-5910,-7442,3602
1134,11998.68180259815,5980,3906,1402,-7185
1135,16640.446778857833,6543,-517,-9467,-5054
1136,14988.336298602324,7911,9835,3311,-4430
1137,10949.75433514378,-3083,1385,7865,1581
1138,10762.575992763072,6299,-3631,-2662,-9592
1139,9945.181798237778,1976,-785,2297,9155
1140,12801.926261309272,7909,420,-2741,-6684
1141,9272.932653696995,1976,-2022,-668,6866
1142,15557.937813219334,-9241,-9208,6224,-7510
1143,16435.69682124856,-7203,-571,8980,-3442
1144,4455.407949896396,4912,-1968,5024,2486
1145,9555.65157380699,-2237,2425,2429,-5914
1146,19450.37017642595,-4600,-7232,7166,8256
1147,17510.960139295617,2930,-7685,-1721,9197
1148,11654.406634402285,7361,4609,4366,-6654
1149,3786.521490761673,-4194,-6243,-1318,-8706
1150,3385.660644541919,9697,7020,6870,5157
1151,1449.6151213339353,727,6322,2105,5872
1152,5822.153639333129,-9957,-1149,-4294,203
1153,3501.1249620657645,-1780,-9871,-4040,-7197
1154,13797.328726967406,-6751,3943,1863,-6835
1155,9284.218922451151,6579,9997,-1681,5758
1156,8336.82103682213,1279,-3477,210,4791
1157,11483.218930247738,6931,-3481,-4530,-2767
1158,3447.389737177971,5559,-389,8995,-669
1159,10484.036054878865,-7767,4513,-951,-3453
1160,6871.1164303917885,3576,-4836,7172,1019
1161,15144.762328937355,-4163,6668,-5112,-8447
1162,15251.295846583005,-2804,-3887,7732,7140
1163,14391.653483877382,-7105,-6617,7092,-4258
1164,12321.929272642332,-5883,-7419,2463,1646
1165,11970.09728448353,-1328,-6704,7942,869
1166,13088.308752470657,6115,4062,-4286,-3883
1167,14033.564800149676,5094,5568,-5656,-3453
1168,15213.72623652733,-4037,3004,4748,-9417
1169,7942.117161059764,9561,8828,2036,6288
1170,1606.8136170695093,-7271,56,-6796,1591
1171,2721.9404842868994,-2234,279,-1922,2983
1172,8531.52254875998,7995,8850,5469,701
1173,4598.926505174876,-1417,4925,3073,5920
1174,9400.663806348995,-4039,-5364,-6503,3708
1175,4236.154506152957,-2729,-5878,-6860,-4940
1176,15717.486440267732,-8150,-7474,4534,1808
1177,6583.553447797018,3050,3975,6920,-1351
1178,7302.329080505753,-5555,-2917,-5186,4376
1179,18192.93019279742,-9405,-4192,8417,-537
1180,9207.530504972547,-8065,2380,-2158,-4683
1181,5287.2665905929125,-8110,6513,-2938,5415
1182,10095.081624236625,-6779,-2755,-5347,7238
1183,5305.203860362012,1593,-4819,-1585,-9067
1184,6486.314593048968,1765,-9531,-721,-3540
1185,12148.766192498726,7812,-6217,7006,5905
1186,16730.85275770485,-7868,3618,8835,2653
1187,6565.778704769145,-1777,-1593,-8292,-778
1188,10843.20363176861,-2225,-4975,8074,-1583
1189,1295.7931933761652,816,9251,-446,9545
1190,7373.959180792907,-5317,-8333,2026,-7658
1191,14220.292894311284,9774,6979,-853,-2470
1192,8704.271365255107,8813,843,7457,-7755
1193,14388.41037085056,1415,5089,728,-9283
1194,15499.634705372899,-6936,8283,2390,-4097
1195,8525.423684486303,3868,3198,5325,-5202
1196,13962.609534037683,-8006,-9466,-8218,4495
1197,18798.223160713886,-9089,-6295,3156,7968
1198,3194.007200993761,-2646,-6732,-3325,-9853
1199,8835.97425301817,-2450,6193,4305,497
1200,4605.220733037669,-6847,-45,-7764,-4558
1201,13706.326495454572,-5316,-3138,8315,-1703
1202,4530.744861499045,-8366,-329,-7798,-4824
1203,13254.257731008553,-6232,6754,-8924,-6224
1204,9913.542303334363,-8084,-3160,-4995,6260
1205,11027.514905906952,-7289,-6514,2229,-945
1206,16091.042881056528,-4625,3833,7581,-6652
1207,12785.509454065566,-5511,3584,6353,-1182
1208,4945.378549716897,3186,-3304,-1426,-5089
1209,14683.779486222204,-5639,1740,6209,-6934
1210,5592.901572529236,6301,-1923,2053,-5561
1211,9580.509485408384,7672,-4780,-1817,-3459
1212,7297.890448615956,4633,7825,-2461,6112
1213,13128.072059521915,4414,891,-8412,-1909
1214,3198.3286260170325,857,1018,-152,4053
1215,12958.13844655165,-5488,3695,6998,7161
1216,3015.3223708253818,-6766,8246,-3778,8651
1217,12659.355828793185,-2131,-8626,3490,2717
1218,17372.49717225477,7597,2797,-9770,2360
1219,16006.43786106078,2035,-9591,-1452,6031
1220,9480.28491133046,-2622,-9605,-4603,-334
1221,9452.355685224715,-3612,-4147,2966,2641
1222,3655.8667918839715,-4344,667,-2833,3996
1223,8026.341134041089,-2271,-2649,5663,-3863
1224,11248.383528311968,-3819,-2507,7425,-2193
1225,6689.365963975958,-7234,211,-8523,6775
1226,15273.543465744942,5967,9420,-8714,5207
1227,2036.0928269605,-4483,-3158,-6168,-4301
1228,14117.142239136077,7356,2996,-5223,-3412
1229,17280.104889727954,7529,9474,-2500,-4598
1230,2042.0954923803147,3374,-2088,4451,-353
1231,12919.585519667417,5092,-7993,-2347,2570
1232,17184.27260607792,8749,7141,-5678,-2195
1233,6813.848398665764,-3473,-2384,-9390,-5763
1234,17370.12023562301,-8015,6948,9226,4834
1235,9893.123773611649,-8561,-9975,-708,-3958
1236,8405.835413568362,-6487,829,1026,4599
1237,14290.18887208983,2373,-6042,626,8141
1238,13371.223616408484,-1699,3210,612,-9960
1239,6381.340063027515,7347,-716,3832,-6042
1240,9049.151175662832,9143,4201,8759,-4840
1241,16642.807575646606,8254,7628,-5556,-1660
1242,12216.827779747082,2495,4035,3390,-8149
1243,18519.64664889695,8176,-831,-6900,9925
1244,16012.291528697571,5492,8490,-1942,-5692
1245,15546.890235670926,4274,6473,5188,-9047
1246,16660.814205794384,3909,2773,-8174,-8698
1247,15060.417656891193,5007,4429,-9885,6675
1248,19286.19467391118,-7361,-8673,8436,2391
1249,5544.8683483018785,8151,2063,3269,-566
1250,4450.648604417113,3396,-1576,-976,-2409
1251,13283.664592272722,7750,-5426,-5529,-5778
1252,20213.344206241578,-6136,-6681,6742,8899
1253,10174.113229171377,6410,-4660,1852,4436
1254,13344.380465199574,757,-8279,1308,5054
1255,19733.648471582746,5745,-8909,-9076,4120
1256,9532.528101191205,514,-6512,-2312,2592
1257,17329.12028927031,-8755,2414,7592,8165
1258,12904.721074087576,-7153,-510,1398,9155
1259,3615.54781464718,-7249,-4323,-5380,-1228
1260,1667.172756495259,8641,4115,9849,5264
1261,5344.7433053421755,-3890,2675,-4090,-2666
1262,8042.81468144082,-4209,-5236,-371,1832
1263,16300.618209135506,1692,7370,615,-8895
1264,4030.6928684780733,4111,-4155,7489,-1956
1265,6481.513789231648,814,-8018,-1472,-1953
1266,16977.621299817005,-8601,-5200,8259,-3205
1267,16761.930676386895,7414,-6477,-7054,1987
1268,12405.207293713394,5925,-7380,2073,4412
1269,4403.973887297699,-4640,-1229,-7671,1966
1270,1486.783440854787,-7714,1898,-7127,3264
1271,16190.96318938438,-5522,-7241,9513,-1233
1272,3632.211034617895,7542,-4897,4908,-2396
1273,10709.169762404554,-6262,-2405,4087,349
1274,7066.386983459086,-2514,59,-4122,6940
1275,11759.205968091554,5302,459,-992,-9474
1276,7966.817746126743,8117,884,4226,-6068
1277,8167.991429966121,-1419,-5570,-8741,-9190
1278,6912.445876822472,494,2804,7162,4626
1279,3917.2956232584743,3602,6340,744,9019
1280,4116.63466924137,-3639,-8933,476,-9049
1281,4560.162826040316,-9649,3829,-9886,8383
1282,5941.771537176433,-7144,-4555,-6076,1290
1283,10114.10470580565,1232,-2932,2207,7135
1284,6074.130884332342,-107,-2670,-5636,-155
1285,9981.502942944013,-922,9729,8877,7829
1286,4750.275781467851,8338,4410,4770,7546
1287,7424.4752676536,-1202,6878,-8530,5685
1288,9451.487978091069,9671,9712,5894,1048
1289,4395.459134151972,-4017,2270,-7347,5139
1290,12642.973463548835,5599,4491,-6994,5614
1291,12014.928755510788,-4920,-1582,4143,-9470
1292,19021.312283856758,8798,-8795,-9891,-5255
1293,19432.8152360897,-3567,-8423,3475,9689
1294,3533.675848178494,-2512,3305,1004,2952
1295,16125.512705027397,-974,-7597,1358,8359
1296,13345.287295521217,-3267,-9033,9871,-6690
1297,21042.29859117107,-8944,-9536,2949,7823
1298,3971.6374456891203,-7555,-7279,-4303,-4999
1299,13036.753775384423,4273,5934,691,-6601
1300,6400.753080692927,2351,9638,-2163,5100
1301,10930.590560440913,-5770,-2871,4039,1952
1302,12121.20555060428,-4711,-4069,2571,5621
1303,11683.691625509466,6938,-9022,9383,2403
1304,19099.8979054863,9170,-9299,-2626,5723
1305,2683.140883367849,-5266,-7251,-6984,-5190
1306,2633.647850415845,-8952,2134,-6526,1109
1307,16389.46057684633,4921,7488,-8372,-2099
1308,10974.937311893858,-768,-4108,-7561,4512
1309,9202.106334964838,1544,-6216,-6621,-1972
1310,8259.768519758893,1314,-437,8438,-4617
1311,4475.756919226065,2664,-5020,6968,-3792
1312,12568.464106644058,2025,3862,-738,-8399
1313,18851.841925923312,9801,-4423,-5089,7139
1314,5296.4450341715055,6305,9469,1012,9278
1315,5461.660004064698,3199,1812,-462,-2241
1316,14434.727881051309,8518,8590,-5722,6227
1317,10765.006874126928,-5788,7198,-9450,-2925
1318,14978.516782378689,6708,7735,889,-6067
1319,2908.0522691313513,9009,2913,7321,5281
1320,14743.06185973592,3018,7717,4291,-6971
1321,5709.327456014412,-2643,-6322,-6709,-2314
1322,14288.361452594905,-3665,9087,-1853,-5086
1323,9097.250683585673,-2320,9155,-2829,72
1324,11648.810497213868,7546,-128,-1623,7057
1325,8318.26352071152,-9948,9646,-7430,1718
1326,9588.883668081493,4111,316,-1180,8313
1327,14742.642266568093,4131,2959,-6344,-7415
1328,17847.12352173313,-7253,7174,6780,-3853
1329,2415.664918816349,1886,-1804,1120,487
1330,6450.102169733437,-1954,-5646,4343,-4249
1331,14486.52263312352,688,6426,8265,-5921
1332,18396.665458718326,-9478,-9387,2036,4961
1333,8536.29035354351,-4174,327,-1812,8530
1334,12991.361168099362,-7826,-5597,-610,5206
1335,6380.282830721535,3604,-5543,9976,-5868
1336,19157.002114109608,-5010,6291,6477,-9040
1337,13767.277799187463,9639,-8441,1736,2832
1338,15597.637321081676,8749,5485,2620,-8858
1339,13612.074970407708,1711,2931,-5853,-8386
1340,11336.124249495504,624,9278,-3529,-1270
1341,15928.908217451692,-9865,5539,6049,6228
1342,13656.082307894896,7496,2689,-4334,9511
1343,6881.956843805401,1928,1876,-4093,5209
1344,2797.391106012886,-6546,1190,-3772,1551
1345,9813.135074990052,-4639,-3935,3885,-8797
1346,11003.519845940207,-4564,8118,-6696,-2677
1347,10641.35799604543,-5412,8870,-8702,-1250
1348,12384.11405793729,8070,-5546,-1015,2870
1349,10327.485076241941,-686,4243,6982,-2675
1350,8352.274241187246,-7982,-9309,-4685,-1635
1351,17571.966139279917,398,-8170,-8567,6943
1352,15690.818971615217,-5208,3822,4622,-8408
1353,3821.064380509703,-3663,-5633,-2280,-2071
1354,13721.632118665768,3247,6831,8745,-5741
1355,10818.277543121178,765,4452,-2390,-5896
1356,4969.801303875236,-3877,-5402,-2482,-632
1357,11932.145574036549,1576,3226,3883,-8481
1358,7598.156157910944,-1888,5978,3243,374
1359,6502.133880504153,-4139,-1608,2340,-2156
1360,20838.020947297275,9,-9044,-9717,9385
1361,14514.759419294554,1334,-6824,9639,5080
1362,5742.117466579729,-232,2328,1756,7715
1363,15692.011853169115,5667,-1512,-7989,6218
1364,16364.7646484757,7477,-5898,2796,9783
1365,9978.373865515363,1422,35,273,-9877
1366,12627.462136153883,9596,9593,5316,-2287
1367,4006.682542952461,222,-7405,-3126,-5204
1368,11044.436110549057,5701,-203,-2411,-7698
1369,8767.636511626151,1214,6,-7415,1559
1370,6485.541534829609,-7065,-3946,-1165,-1253
1371,12122.851479746834,-1019,9147,-9781,769
1372,13918.303955583095,-2548,-2162,5251,9366
1373,7359.179302068947,-2345,178,-7413,-5158
1374,16433.7877557184,-6618,7460,8404,796
1375,6101.670672856738,9004,6347,2932,5746
1376,9995.428004843014,8047,48,-1619,2593
1377,13908.556575000872,5174,1873,-8465,4598
1378,15062.420157464736,-5894,-5208,5836,4241
1379,6203.681245841053,-9826,-6780,-9296,-599
1380,16931.33958078923,-6394,2138,9418,8192
1381,12862.471030093711,1890,-4917,-9390,1264
1382,9479.640710491089,8734,296,212,-3856
1383,17344.432766741033,-7638,-7016,9650,-8414
1384,6025.612002112317,8097,3008,2117,2268
1385,20613.36103113706,-4264,-8879,4659,9703
1386,7972.49678582563,-7712,-2726,116,-4237
1387,5764.468145458,-3740,3786,-9498,4059
1388,23824.151317518114,-7765,6105,9960,-9814
1389,13283.419213440491,-1096,-3926,7039,6575
1390,9646.21013662879,9348,-6289,9031,3352
1391,13617.617155728825,1792,-3930,9036,7601
1392,17462.428238936303,323,-7622,-773,9806
1393,12096.825409999105,6631,4403,-5425,5396
1394,9352.16980170912,-4875,-7983,-3393,1251
1395,2320.9956915082803,38,-5120,1603,-6834
1396,11508.663258606535,6257,-9065,-3162,-2452
1397,9514.747763340865,-8233,4709,-8830,-4787
1398,13909.848309740837,7766,-2062,-1032,8712
1399,3910.5398604284806,-6454,8353,-3863,5424
1400,11410.132426926517,-5943,2343,5006,-868
1401,8072.263684989483,4132,7243,3411,-797
1402,11129.607405474822,1727,5296,7358,-4304
1403,18362.967652315896,-9613,-4183,2753,9392
1404,15986.724492528168,7143,7789,5975,-8155
1405,3045.1351365744017,3968,-2672,2396,-64
1406,5690.501647482408,4720,903,8792,4878
1407,13750.276979028458,-9575,-2591,3416,1915
1408,9956.891583220136,-3979,2544,4032,8457
1409,17744.6260033848,-8112,-1469,9442,1125
1410,6711.85279933939,7397,2857,3915,-2881
1411,5934.862171946372,-1590,-4962,-6657,-1872
1412,18947.729837634903,8010,5824,-7215,-5455
1413,13733.722619887152,6711,4462,-6393,8573
1414,11641.230046691802,-5656,8064,2158,-565
1415,7801.624702585994,3247,7749,-1935,1917
1416,16615.415282201044,-9138,-4770,7362,-6725
1417,16379.41149736461,-6432,-4888,1063,9676
1418,7792.166900163266,-6342,8297,-139,3581
1419,11024.727570330253,-21,392,-7514,-7695
1420,4090.982889233344,3832,3464,-123,2418
1421,15849.160103929798,5203,1643,-5971,-9597
1422,5454.682117227364,4374,3782,-792,5533
1423,13736.63717945553,-7514,5227,6101,7051
1424,12551.323157340823,9808,-4437,-1639,711
1425,7789.834208762084,7842,-4315,108,-5246
1426,4302.643141140106,4604,6083,8661,4650
1427,9855.348852273064,-2933,2453,-9083,-5248
1428,10533.638735024095,3723,3315,-4773,9542
1429,7222.4169084870755,2099,2834,8340,6469
1430,12191.58808359272,2033,2584,8447,-7784
1431,20772.890145571946,1576,-9435,9193,9891
1432,7113.621089150026,1543,-8243,2254,-1165
1433,12684.880133450217,-888,7309,2662,-4869
1434,7011.575357934906,-9792,1375,-4509,-3235
1435,9702.473911327976,9692,-3454,1552,1826
1436,8938.04922787965,4246,-8600,-4572,-7140
1437,13994.138951718323,6635,3228,676,-9434
1438,9766.462000130856,-945,-1103,-7321,-8501
1439,18213.36372008202,-8336,-469,9007,5094
1440,11746.189892897186,7750,-4516,-2686,875
1441,10077.616434455123,-7810,2836,-3262,-6157
1442,14945.422877924866,-6051,5855,-8978,-8801
1443,15500.384027500739,7513,-5582,6869,9905
1444,11305.146836728836,-4890,-6675,6366,-7728
1445,11922.619049520958,-2452,747,-9905,-8559
1446,3583.4734546247164,-244,6816,3335,6637
1447,10096.364890394958,271,915,-7079,-6007
1448,9598.37741495926,7703,8759,-1490,5999
1449,8815.975612488955,4239,-5493,-4086,-2592
1450,6025.0135269557695,-5989,4399,-1521,8441
1451,4500.886690420011,4980,-6586,714,-8021
1452,4179.025005907479,7585,-1246,5588,2425
1453,10192.60717382947,-6993,-4037,12,3367
1454,23372.679970427012,-9819,5942,8601,-8445
1455,9048.14732417637,-340,-9615,-789,-578
1456,3066.6230612841873,4921,5151,7152,7255
1457,16485.66798767948,-3556,-9955,-7588,6030
1458,11746.601636218025,-8248,3435,-1205,-5966
1459,12999.84807603535,-6548,6418,-6903,-6577
1460,5568.333413149755,9785,7136,4344,5952
1461,4083.6293906279006,-8063,3460,-4013,2937
1462,17648.810554822103,-7641,-8300,6174,2683
1463,7206.152440796684,-8250,-1827,-9522,-8920
1464,15627.903666199123,8696,-2753,-6597,-5971
1465,6092.225865806356,-7819,2911,-9959,8615
1466,6721.834571008126,-3242,3895,-6296,-2093
1467,17313.943080650348,3392,6682,-5129,-8390
1468,5869.369386910318,2834,5951,-3017,5487
1469,13432.270284654043,-8165,-9326,2513,-1177
1470,17997.5253854523,4230,-7090,-9256,4828
1471,4348.009314617438,-2152,9,-488,-4008
1472,3693.150552035484,3006,3083,325,543
1473,8003.202983805922,839,-9687,896,-1684
1474,13400.07048488925,9706,-6344,-3686,-5879
1475,9153.46824979472,8541,-5829,3800,2001
1476,10287.314518376505,303,5672,5097,-3430
1477,5133.582959298506,-1985,-2020,2740,-4027
1478,18338.441046064956,-5734,8085,8640,-3303
1479,16754.4408739892,-3943,4266,6724,-8654
1480,11884.16660940093,1798,-6323,-6756,1927
1481,10850.261056767251,-8898,3006,-196,-3475
1482,8817.366160027608,-7313,4751,-174,-424
1483,11938.458862013975,1977,7527,-6095,-1269
1484,6915.536277108233,-6518,-3530,-1529,1259
1485,18186.443852496286,6935,-7007,-9981,-329
1486,11920.475829428959,5306,-2971,-5006,3009
1487,3786.357088284199,6809,3849,9869,1619
1488,10430.697483869428,4005,-4391,-6324,-5844
1489,8072.968475102575,-6385,-5608,961,-8956
1490,7514.483082687724,763,-2099,6203,-7283
1491,9982.531993437336,-2824,8802,6172,4475
1492,15139.765189724707,-8705,-2111,2268,8320
1493,7052.850842035439,2945,2006,-3207,5455
1494,5683.844561562182,3869,5049,-431,1332
1495,4455.785677072002,-5875,-3385,-2124,-980
1496,15398.623315088917,5473,-4955,-5723,5617
1497,13970.839130131017,8525,6170,-4950,9859
1498,8176.940381340688,2552,5953,6125,-1402
1499,13447.606664384559,-9588,3595,3849,4129
1500,4360.435987375575,-5959,3773,-3110,7074
1501,10961.242128518099,-3304,-447,6994,-4202
1502,10926.193344436113,5168,6884,-31,-2726
1503,11956.525582291872,-4563,-188,7039,2702
1504,18872.344872855625,7690,-2719,-9745,-9943
1505,13160.20550751393,186,-9183,-3159,3545
1506,22331.06558138236,-3755,8749,9528,-9202
1507,10061.965066526518,-910,2729,4065,-6017
1508,4205.896456167223,-5888,-8428,-3222,-5175
1509,5540.451335405808,-5969,-4159,-524,-3135
1510,8528.546241886714,9619,-2044,1684,-5170
1511,10926.212930379857,-6739,2115,4109,810
1512,474.32162084391643,-5067,-859,-5522,-993
1513,4009.6084596878036,-3975,-3319,-4939,-7211
1514,13245.721460154597,-518,-3799,-7167,7657
1515,11156.61799112975,7957,9339,1112,529
1516,6616.512223218514,-2356,-6107,4099,-7560
1517,11364.951605704267,-4434,7355,-677,-3371
1518,2097.922782182414,9099,4123,7075,3571
1519,3999.8572474527136,6239,2025,8656,-1162
1520,14360.503403432625,7319,-6950,-5538,-553
1521,6969.895408110512,5464,-5796,7033,995
1522,14174.36164347446,7527,3370,1715,-9558
1523,14582.171066065574,7331,4222,-5517,-2675
1524,11031.33740758572,191,2366,2000,-8516
1525,16956.299242464436,-4587,-3827,9473,5651
1526,7830.956263445736,3540,4796,-4134,3236
1527,4043.228660365377,-9435,-6281,-5782,-4548
1528,9143.000054686645,-3597,-4079,3266,1962
1529,16792.676290573818,6959,5981,-7897,-1848
1530,8505.005878892736,-6302,-2951,-6292,5554
1531,15657.13447601444,-4775,-6009,-9369,8959
1532,12282.372775648848,-4855,-7353,-4114,4907
1533,10125.50151844342,987,6551,9417,942
1534,14971.857934137633,8098,5988,-3099,-3951
1535,16685.467119622394,-9048,-446,4590,9167
1536,6037.019877389836,6082,-889,5442,5114
1537,5451.435132146396,-9010,-5206,-8642,233
1538,15566.022484886755,3807,7414,-9673,-370
1539,11635.32247082134,-3737,-3867,-5860,7573
1540,17085.24369156027,-3320,-6743,6564,7193
1541,9295.088649388988,3992,-3360,-2780,3007
1542,17182.960076773732,-8645,-1140,8074,-5106
1543,4402.904723020929,-2466,8872,1025,6189
1544,13565.299922965212,3254,1075,-9467,-3636
1545,9380.64070306501,1436,-3492,-7522,-708
1546,7371.876084145745,-2396,5082,-7130,-569
1547,8343.552540734672,-1296,-6341,6249,-2779
1548,18762.006822299154,9273,-1478,-9489,-1462
1549,8807.621812952688,-2568,428,3503,6809
1550,2506.6523492498914,6505,1161,8520,2652
1551,4439.1801044787535,7789,8973,4341,6177
1552,8575.888058970919,4831,-1779,-3049,1605
1553,8500.53221863196,-5109,5085,-147,-1817
1554,2507.8470846524915,6937,-2154,5656,-4310
1555,15492.725551044916,-1807,5561,-2750,-9903
1556,2971.654926131229,6121,-9246,8934,-8288
1557,10452.36475636016,1950,-7506,-8402,-6061
1558,15270.681058813323,1480,-9093,2840,6117
1559,8872.41122807098,-9759,-8789,-2750,-3349
1560,20244.808840786816,7254,8116,-3784,-8855
1561,12875.808790130428,3134,9440,5658,-3186
1562,16318.040629928582,-4736,-2413,8127,7628
1563,4063.574780904124,-6040,-4195,-5792,-8251
1564,12558.367131120192,3761,-5905,1798,6499
1565,17634.92857938472,7100,8885,-941,-6810
1566,3979.5381641592535,4891,5968,1621,3700
1567,13393.188753989843,-5598,-465,7550,-3016
1568,12580.77219410637,9502,1510,-2523,-2188
1569,10132.870965328631,2264,-7693,6871,1332
1570,5329.3849551331905,-5945,5199,-1883,1749
1571,16844.889373338134,141,4654,9988,-9013
1572,17990.907147778846,9947,-4924,-4107,6308
1573,3120.2770710307122,5203,-4612,8003,-5989
1574,7983.231989614232,-4082,4887,2291,79
1575,10051.930610584217,4353,9713,2556,-177
1576,9227.78115258484,-468,157,8713,-771
1577,4699.546467479601,6357,-6902,7586,-2366
1578,12255.88793192888,4072,-9404,455,2306
1579,15143.574545000925,-8029,7992,6688,4423
1580,17841.51240786498,8030,-4370,-9717,-2536
1581,9161.19473649589,785,-855,-8295,362
1582,7201.932101873775,2750,-3876,-3985,-1325
1583,14917.954283345958,5061,8009,-8551,1905
1584,10340.17185543838,-2467,2278,-2140,-8057
1585,9454.316262956301,3177,4040,-6059,2020
1586,1858.4350943737584,-7088,3080,-7754,1345
1587,11286.041290018391,-165,-6323,7397,2055
1588,6391.736070896544,2526,-838,7757,-4511
1589,7323.714972607822,-2303,-631,-1504,6649
1590,17663.554568659165,-9511,7153,4791,-3213
1591,11417.450897639104,787,-8855,-9064,-3083
1592,6339.454866153714,6278,9968,2246,5076
1593,16320.12849214123,1320,9193,-8595,-3770
1594,5723.880938663906,5071,-424,2954,4894
1595,6088.018478946989,3267,-750,7979,3105
1596,9319.08418247201,1167,1215,3378,-7838
1597,4001.734748830812,1683,7603,-2033,6118
1598,15364.334089051827,-6932,2984,7627,-1925
1599,4646.469304751728,-3594,4474,-8160,3613
1600,11531.6098182344,-6419,-1535,4922,-3623
1601,7042.409601833736,-228,8196,1334,1329
1602,993.000503524545,-5136,534,-4219,153
1603,7738.094080585994,6425,4205,4651,-3327
1604,11527.32861507817,6958,-3714,-4266,-1087
1605,11700.05470072683,-2490,2604,4774,-6568
1606,3733.426308366083,1562,-8471,5216,-7705
1607,4749.3757484536845,-1050,-4764,-247,-83
1608,6629.590711348627,-1838,-9679,-770,-3136
1609,6838.72985283086,2222,6941,6777,1840
1610,18629.36161010355,-9093,-9631,8862,-4664
1611,5705.704689168551,5878,-1141,1203,2130
1612,4650.449548161984,578,-462,5194,-1027
1613,18961.517924470078,9182,-6934,-9497,-3673
1614,2722.2573353744497,1463,-2361,3954,-1263
1615,20022.138547118288,-6739,7361,3537,-9823
1616,8297.558978398407,9710,-7647,4172,-1468
1617,10624.123963885211,8982,-7202,9371,3415
1618,7265.845098816792,-5712,-3987,-3056,2776
1619,9215.765676274545,-3197,-3206,4299,-8567
1620,15325.781187267421,-2232,-6106,-6167,8706
1621,7027.101891960867,1436,2400,-5324,481
1622,12672.766154237992,-3882,-2377,2087,8802
1623,3840.4412506898216,7720,-5661,7437,-1831
1624,12949.177734512721,-6598,-7505,54,3605
1625,17763.822702335216,5066,6324,-5615,-7870
1626,12285.021286102845,4785,8142,6863,-3966
1627,19990.020009994987,-9167,-7207,9241,587
1628,7725.900594752692,-5507,7179,-4851,-519
1629,5498.747220958607,4228,-6911,-833,-4761
1630,17194.853299752227,3897,-6367,-7769,6265
1631,8944.59037631126,6284,-5892,9220,2557
1632,5660.293985297937,5066,-5508,9754,-8680
1633,12743.969122687013,-781,-4582,-7863,6013
1634,5587.011544645313,5859,2273,2812,-2410
1635,2658.6120439056167,-3335,4174,-1542,2211
1636,6085.716802481035,-5101,-7665,909,-8622
1637,15163.38804489287,8623,-755,-6098,-4391
1638,13316.180871406035,-6300,9442,6012,4369
1639,11044.68854246239,7373,8546,-3526,6758
1640,20665.104040386537,-7364,6373,6759,-8713
1641,16102.353616785342,6733,1346,-7151,9502
1642,7077.879696632319,-5564,6120,-129,1586
1643,2586.534554186354,-8112,7333,-6527,9377
1644,10102.545669285539,-4856,9126,2254,1949
1645,10495.567159520251,6995,4200,9414,-6013
1646,4249.5169137208995,2602,719,6627,2082
1647,10955.989275277701,-6170,5432,455,-3294
1648,20739.08351398393,4446,8427,-6937,-8909
1649,999.1040986804128,-3944,4735,-3644,5688
1650,16147.360031906144,5541,-9518,-1449,5038
1651,14030.899222786828,-2482,4412,3895,-8086
1652,10611.55299661647,-8599,1609,2000,1093
1653,12350.177650544141,7674,-4821,-4188,-1383
1654,18845.38471350479,8872,1568,-8106,-6611
1655,15298.308697369132,7985,-3855,-3455,6302
1656,13763.117815378897,-2543,3808,8773,-4026
1657,12637.118540236932,4267,5843,-8090,3197
1658,8404.233813977333,-7073,8619,-8618,358
1659,9088.031690085592,2464,2434,7936,-4822
1660,5878.708106378475,-9437,-2223,-6584,-7363
1661,9865.513671370589,5178,7484,9472,-1398
1662,7719.783740494289,-4591,1990,3128,1880
1663,7769.927284087027,-462,24,-5505,-5887
1664,17921.164805893615,-9883,9620,-2365,-6648
1665,9525.764273799767,4983,-5902,-4481,-6985
1666,2888.604161182352,7895,-8311,5448,-6776
1667,17509.51310002651,-941,-8069,-8098,7911
1668,9652.951672934036,2093,7166,-3781,-494
1669,12253.026809731546,-2786,6661,7519,32
1670,4498.894642020416,-2361,2400,1326,-178
1671,10314.18217795284,7087,1749,-2158,-2824
1672,3857.8431798091533,-600,-6195,-3515,-3668
1673,20110.508546528603,-8838,-9796,2257,6977
1674,7986.953924995436,4959,3054,-2793,4977
1675,10630.777629129489,-550,-5753,3238,4180
1676,16218.95116830925,3570,9160,-6466,-3581
1677,12618.104176143102,-6238,-4710,374,6037
1678,10788.146458034393,636,-241,9466,-6439
1679,6692.208753468469,-2883,-5924,1430,-807
1680,13604.730684581742,6604,-9885,6463,3719
1681,12544.60051177398,-7764,6211,2417,-1118
1682,13353.557316310886,-5850,4667,7293,7029
1683,3410.546143948209,4570,2082,7810,1017
1684,9322.01528640669,4081,-3011,2001,6076
1685,17346.4730709156,-7068,-8442,7744,586
1686,14468.447947171113,-4895,-5222,574,8173
1687,10967.113977706258,-4404,5141,-4454,-5826
1688,20835.20333474094,9413,2015,-9934,-5718
1689,10343.774601179204,4893,-3488,-3559,2475
1690,9084.414400499352,-7176,-231,1741,-1967
1691,12955.247778410107,8237,-8669,3520,3397
1692,9872.000050648297,755,-1670,7564,-8818
1693,2916.9177225283543,-7459,2801,-8656,141
1694,20422.03283221335,-8433,-4423,9847,4682
1695,17452.39138341792,-8921,8052,5140,-2286
1696,9281.534840746976,-1726,-7869,7494,-6802
1697,7466.071322991765,1298,1814,-4816,-2471
1698,6474.639526645479,-633,9594,1773,3583
1699,2951.5805935125672,-146,7661,-2608,6033
1700,10264.583868818063,-476,-4171,-6795,3918
1701,5204.727178248635,5588,6983,5501,1779
1702,11809.97629125478,1576,-95,8252,9647
1703,10063.666329921714,-9332,-9282,-4980,-208
1704,6871.187160891486,4410,-5957,-2417,-6735
1705,1740.3772579529991,-7489,-3177,-7802,-1465
1706,5535.1540177306715,-6821,844,-1360,-59
1707,18706.146182471686,8941,5256,-9403,1593
1708,5071.735403192875,2718,942,7280,3158
1709,373.28005572224185,7041,-721,7404,-634
1710,3765.029880359517,5124,-38,8439,1747
1711,9670.705506838682,2864,6933,988,-2554
1712,2181.7373810795834,-3490,-7142,-5517,-7949
1713,3991.2781160926384,8772,-1171,8671,2819
1714,9957.0193331137,-1926,-2546,7749,-4899
1715,11417.02137161878,-2843,6935,-6782,-3781
1716,9958.599198682514,1624,6506,-3673,-1927
1717,8905.637596489092,1543,5282,6234,-2288
1718,8871.357336958083,5809,8404,-3000,9454
1719,7017.602154582432,-8313,-1391,-6525,5395
1720,15651.736389295598,6392,4759,-204,-9435
1721,9790.007405513032,-193,4189,-9951,4980
1722,19499.012410888918,7487,3001,-8099,-8716
1723,8549.45618153576,-713,32,-9258,308
1724,13151.190440412609,-4437,7961,8142,4124
1725,3924.2471889522963,4413,3130,8309,2660
1726,6932.843644566059,-2717,7771,-7781,3036
1727,2796.633154348278,-1058,-7330,1663,-6684
1728,1767.6860580996843,6765,-2937,5332,-3972
1729,9220.074023564019,-5743,8612,-894,770
1730,18620.6873396231,-8036,9959,-1527,-7487
1731,7075.3816858173805,2796,-26,-4129,-1477
1732,17046.284580517833,-8765,5274,2512,-7509
1733,3647.0859600508456,3783,9525,7089,7985
1734,6642.748000639494,3094,-5284,9679,-4410
1735,10176.622720726164,6808,-4511,-2997,-7236
1736,13167.462018171915,9381,5569,-3253,1859
1737,16876.615330095072,-7241,-7747,-2808,8537
1738,6478.013430057088,-8777,-1047,-7890,5370
1739,5796.515677542846,-3204,6340,-8741,4625
1740,9422.783081446798,-1922,5553,-6557,-2651
1741,14718.407012988871,5499,4019,-8252,9267
1742,2504.8441069256187,1700,-5906,4188,-6196
1743,11703.530450253034,-6534,2777,4697,-515
1744,17907.244372041165,6853,-8867,-246,7573
1745,12317.94808399516,-7458,-7971,4388,-4594
1746,9971.998245086086,-484,9968,-1066,13
1747,7143.5952432931135,-3834,1656,-7,-4376
1748,11056.510525477737,-3891,-4494,6917,-6825
1749,16037.771198018758,9047,-1858,-5337,5235
1750,10776.052570398866,-4482,-9811,796,-416
1751,6493.060064407228,5725,-7299,-748,-6789
1752,1304.227740848967,-6716,5551,-7977,5218
1753,15559.872557318713,8085,3749,-7068,214
1754,5988.495053016241,-4367,-5889,1190,-8121
1755,3760.4068928774186,4930,-6082,6574,-2700
1756,7825.838038191181,894,3129,-6711,4975
1757,9788.827151400723,2098,8858,9802,2819
1758,10689.653362013194,-8768,-6680,-1268,937
1759,8813.024509213621,5053,-7415,-3752,-7039
1760,7191.129605284555,-2123,1347,-9254,2275
1761,18393.93160800594,8513,-7299,-659,8645
1762,16765.22654186337,7594,-9075,-8095,-3165
1763,8462.160303374074,2254,257,-3772,6198
1764,6980.179080797283,261,7473,-6263,4991
1765,6215.181493729689,2035,1333,3226,7433
1766,15338.643095137197,4701,-7219,-7695,1815
1767,19409.784594374043,-4898,4301,9449,-8772
1768,4044.9684794816385,3953,-6563,7976,-6984
1769,17362.764584017143,7910,-8536,-6885,551
1770,13972.597503685562,-3857,-827,9988,1057
1771,9394.8931340383,8116,-990,6940,8331
1772,10317.17248086897,-2211,4647,-6943,-4521
1773,18489.839398978023,-7966,4840,9609,-904
1774,8103.988215687385,-7274,-4489,-670,-9186
1775,5091.452150418385,9598,3994,4509,4152
1776,11452.811881804399,-3214,-5897,5624,1387
1777,8945.041307897913,-1528,6407,4330,-353
1778,8119.42227008794,-1648,-4298,-781,3775
1779,10958.368537332553,-3927,-9773,6344,-5953
1780,10069.265961330051,9356,-6487,957,-933
1781,18289.923920016725,5926,-1644,-9120,8755
1782,15937.488133328916,7988,-4088,-5150,4934
1783,13859.192797562202,-7412,-9824,-2785,3240
1784,12800.390619039717,-3287,-1509,7013,-9109
1785,8416.109849568267,-5768,-8081,2144,-5212
1786,7943.149060668571,2464,-551,-3537,4653
1787,15413.670944976086,1322,-6326,4936,8658
1788,7369.283615114837,-6730,-6758,-1401,-1668
1789,13924.54168006976,6610,-2462,-6660,-6681
1790,9633.172945608316,-4066,7287,-4977,-2303
1791,4168.477179978319,-9142,2188,-5453,247
1792,12782.25899440314,9969,-2185,-760,-9133
1793,8166.523434118095,-204,3251,-1252,-4848
1794,7794.389392377057,-830,-5176,6845,-6535
1795,6971.651454282551,-4222,-3316,1118,-7798
1796,13324.303959306842,150,-3281,-4326,9269
1797,4115.131346627954,-5751,5677,-2342,3372
1798,11996.492570747501,-1132,-8041,571,3834
1799,7909.709097052812,-863,8030,-8770,7823
1800,8336.904761360778,6184,-316,-2082,769
1801,8134.042660325799,-7190,-1428,-3691,-8771
1802,14817.508326301018,7326,-4919,2174,8974
1803,10086.737926604419,-9423,-3201,-7602,6720
1804,8368.998566136812,6494,-8883,5810,-542
1805,8598.502020701048,3621,2723,-2773,-3026
1806,9325.620247468798,-2178,-9930,-605,-738
1807,13064.967699921803,1,4685,-8629,-5124
1808,15057.872691718441,4237,-4399,9854,9572
1809,6172.424159112852,3946,3489,1818,-2305
1810,3397.7006931158608,1416,4119,-1981,4050
1811,7662.125162120494,-4262,-4059,-9533,1502
1812,17199.72819552681,9121,8284,6864,-8767
1813,11561.00328691243,1162,825,-8587,-5389
1814,8209.230475507433,-1249,9430,-9453,9723
1815,9718.342708507455,-648,4361,3448,-4452
1816,18714.839806955333,-1627,6328,9571,-8667
1817,12764.207535135112,-3739,-9148,8996,-8285
1818,9177.629595925084,4108,-7017,2662,2046
1819,7778.045577135686,-8754,-5313,-9437,2435
1820,11483.299961248073,4466,1740,9943,-8353
1821,9793.059225798646,8208,-7766,-1395,-9686
1822,21200.91519250997,6156,-8275,-5277,9579
1823,1434.3061040098798,5986,-7869,5661,-6472
1824,18566.44933744737,-7145,-796,8575,9083
1825,7174.439350917952,-7486,6737,-3942,499
1826,18461.725298573805,-9463,7541,6767,-1258
1827,17633.219360060146,10000,3014,-7520,1019
1828,7482.487888396479,-5840,615,-6805,8035
1829,6199.319720743559,2007,-2172,733,-8239
1830,4232.268540629245,-3809,-705,-848,-3729
1831,8292.9797419263,1722,156,-990,-7681
1832,7089.164478272457,792,6919,-2755,781
1833,12654.950809860937,-5624,3712,4042,-4456
1834,16481.99193058897,-5854,-7094,1303,7753
1835,6796.024499661548,6416,3977,4181,-2441
1836,2348.8810101833596,-4529,1821,-6780,2492
1837,13490.325496443738,7326,9827,-3253,1456
1838,8077.568941209973,-1590,-2229,5142,-6693
1839,10786.873597108664,225,2146,-9756,-1945
1840,20105.345781657175,1244,7299,-9208,-9876
1841,6745.956196122237,6658,7342,4139,1084
1842,3278.9269586253367,-8236,5696,-9177,2555
1843,1276.4928515271833,-4235,514,-3280,1361
1844,3480.7173111299917,5790,-5804,2853,-3936
1845,15654.202822245532,-4362,-284,8167,-9669
1846,7536.99409579177,168,7789,3670,1115
1847,11204.137539320016,-6636,6105,-289,-3128
1848,9404.528696324978,2195,-4356,7877,3138
1849,14708.80239856393,9114,-6505,-4734,-1547
1850,11823.691893820644,-2884,-2901,7777,2212
1851,10171.614276996548,5862,-477,6611,9667
1852,19615.735571219346,-5805,8038,3804,-9063
1853,12909.190524583639,-5027,3710,977,-7718
1854,16111.983521590382,-1371,3973,9666,-7765
1855,12690.420481607376,4320,7859,-8316,9033
1856,3809.209891827963,5086,-7151,8894,-7247
1857,2576.5055792681683,-7121,180,-4687,1025
1858,19255.896889005195,-3007,8376,8812,-6826
1859,8958.258089606483,1641,-9180,1709,-222
1860,12257.08925479455,-8642,3501,-6213,-8513
1861,4080.9275906342664,9749,715,6112,-1136
1862,3688.2236916976713,-3595,-839,-7282,-744
1863,14729.02199740363,9885,-9192,-3070,-2184
1864,12941.250673717745,8635,2570,-2078,-4690
1865,12493.648706442806,8153,9480,9160,-2973
1866,24780.693291350828,9142,-7339,-9776,8667
1867,3765.585346264243,-3173,-9722,10,-7710
1868,8116.800416420254,6088,9370,1220,2875
1869,11758.775871662832,3332,2474,4935,-9175
1870,7775.413622438359,-5430,1306,-639,7430
1871,19675.47613146884,7647,7180,-4822,-8040
1872,8920.946194210566,-5482,3861,3378,2820
1873,15896.195519683319,-9354,-2794,5740,-7780
1874,6082.492334561549,-4457,-3578,-8644,834
1875,15427.618513561969,1432,9781,-7146,-3042
1876,25478.85762745261,-9155,9722,8130,-8997
1877,8131.909123938855,-8472,6338,-367,5677
1878,8576.44827419836,8750,-9886,7794,-1363
1879,5187.477325251649,2593,3381,-2542,4117
1880,16819.4097696679,-7980,3205,8493,-191
1881,6101.97418873597,-5944,-2123,-7564,-8006
1882,14818.35793871912,9670,-8970,3314,4416
1883,6913.05576427675,-2181,-1842,-925,-8640
1884,14922.594714056935,-202,8006,8466,-4141
1885,8007.371166618917,-3653,2466,3990,4854
1886,14123.274549480371,9480,5528,1830,-6344
1887,7619.222270022053,8564,-7688,2706,-2816
1888,4404.562747878613,-4229,-1644,-6771,-5241
1889,13162.110659009064,-1765,7046,-3311,-6025
1890,6308.457259901187,7223,8839,5315,2826
1891,9255.10151213913,-8965,-209,237,-1199
1892,10238.013723374275,-4298,-5785,5932,-5380
1893,10287.159617698171,5478,9551,1085,249
1894,14028.895786910673,-2587,4428,-7733,-8623
1895,3865.4226159632276,-4258,9618,-3094,5932
1896,13557.714040353558,6799,-8227,-6742,-8900
1897,16339.258795918498,-7434,-8560,8323,-4237
1898,13430.324865765533,-6910,2363,5639,7148
1899,16278.171518939098,6731,6878,-8207,410
1900,6435.825510375495,-3125,9273,-3712,2864
1901,11077.24717608125,5338,-7144,60,2595
1902,13453.671915131572,-5162,-9050,-3984,4352
1903,12735.242439781036,-3122,7388,2962,-3800
1904,12336.617729345431,-3168,7876,5376,-1023
1905,6995.253033307658,-3540,-1859,-4122,5112
1906,9189.229891563275,7985,-5034,3190,2805
1907,4685.010672346436,650,7254,5260,6419
1908,7132.302994124689,4783,-5125,7198,1586
1909,14164.609560450299,-6834,-6261,7308,-5461
1910,13464.92109148806,-4927,-7069,8225,-9955
1911,13363.320732512559,388,3251,-2466,-9804
1912,13833.793586720889,8504,4724,-2394,-3797
1913,16556.666391517345,-230,-7422,2189,8957
1914,9492.356609398954,5064,6530,6011,-2915
1915,2259.037405622138,2916,3832,661,3967
1916,13923.758723850397,6872,7428,-7047,7064
1917,8077.24829381888,9138,856,8996,-7220
1918,11788.868690421486,7835,-7131,5327,4388
1919,7837.327350570474,-2753,9196,4107,5406
1920,12055.76463771585,-9247,-9989,-5141,1346
1921,6130.058564157442,5854,8968,2711,3705
1922,5506.400003632137,4237,-2537,7541,-6942
1923,3926.994779726604,-4917,-1920,-995,-1722
1924,14328.49503611597,-3136,-9839,-495,4244
1925,10148.005222702637,-2611,155,-2234,-9986
1926,12811.67924200415,5504,-4202,-4586,3693
1927,10289.638137466254,3213,-1890,1211,8203
1928,5765.0401559746315,-9056,-8121,-3378,-7123
1929,6206.52857884341,-8072,862,-1866,943
1930,1850.6906818806865,-6965,-1200,-8465,-116
1931,12216.13821958478,-5460,-3180,1748,6683
1932,6128.517602161227,-2657,-3547,1321,1115
1933,7769.996782496116,-1938,-4610,-7241,1069
1934,12617.86404269756,-5387,7952,-9414,-4006
1935,10641.855524296503,-9155,-633,1412,-1893
1936,8123.055582722551,-2679,-1284,-7635,5152
1937,12700.24224178421,-930,-5199,4358,6348
1938,6046.196242266703,6101,1377,581,3844
1939,15642.948347418398,4851,7976,-6082,-3212
1940,16098.904124194292,-2477,-8392,9698,2141
1941,3830.9947794274008,8198,-2147,9538,1442
1942,107.93516572461452,-672,2993,-715,2894
1943,9121.836931232656,1289,-2769,9439,1328
1944,7168.480522398035,-6671,6545,-243,9718
1945,6523.7063851770645,452,-3714,6975,-3810
1946,9008.610603195146,-9918,-1521,-4926,-9020
1947,9588.773435638157,-1372,1938,-7732,9114
1948,8127.611826360804,107,1005,-1288,-7002
1949,5732.6267975510145,-3366,-8956,2165,-7449
1950,5355.2154951971825,1958,2340,6500,5177
1951,11712.314971857613,2757,9576,7928,-933
1952,10042.265979349482,8315,558,-1360,-2133
1953,5043.608331343741,5341,-2257,5868,-7273
1954,11645.469548283572,-2591,9058,-2776,-2586
1955,7654.206229257218,1867,-9509,-5706,-8397
1956,11237.051437098613,8495,7604,3177,-2295
1957,5617.9591490148805,-7563,741,-4384,-3891
1958,12671.036106017535,-6964,1297,5326,4381
1959,9917.201066833322,2437,-8811,-5872,-3397
1960,12206.958875985452,-214,8895,9459,1449
1961,9831.12496106117,-2475,1379,5982,-3634
1962,5360.134699799996,-1529,8993,1959,4923
1963,6670.850770329074,-3022,-3211,-9627,-4146
1964,2503.706452442059,-3221,-7058,-3760,-4613
1965,7014.512099925411,6867,6459,5375,-395
1966,9080.356655990998,4607,-5095,-3939,-2026
1967,13171.459220602705,-3188,-8411,5439,1542
1968,2839.236869301327,-6332,-1265,-7903,1100
1969,9949.231779388798,529,-3389,9411,1094
1970,12957.843223314596,8632,-9579,9481,3351
1971,17844.852759269266,8641,-1511,-7078,-9958
1972,8972.568974379634,9280,193,4317,7668
1973,7663.877934831687,-2246,6419,-6751,219
1974,7717.127250473456,-7323,1042,375,499
1975,6131.886903718952,-4452,6990,-1811,1456
1976,5046.051327523334,-964,1847,1761,-2400
1977,1525.794874811159,-1921,1994,-3416,2299
1978,520.0740331914294,-9958,-8337,-9604,-8718
1979,14876.659369629997,3250,-2071,-9687,-9416
1980,13625.93794936701,-5835,9468,4856,1020
1981,19409.044541141124,7902,-5523,-5255,8746
1982,12803.800880988427,8793,-6036,-456,2818
1983,9472.215844246793,2170,-9619,-2618,-1446
1984,4923.834379830419,-2425,-1981,544,-5909
1985,2844.2338159863016,-4138,-6448,-4367,-9283
1986,17816.417849837268,736,-7946,-4016,9225
1987,8723.521364678372,-5626,8034,-7742,-429
1988,14534.675916579634,5381,-5546,1861,8556
1989,8979.894097371081,3218,7258,-2245,131
1990,4006.405121801838,-1844,6388,1985,5209
1991,12794.829463498136,-1047,-3651,-7572,7355
1992,12859.048798414291,-5127,-4286,7729,-4006
1993,11601.888854837389,693,912,-9146,7060
1994,17125.778522449717,-9347,7445,2172,-5228
1995,13265.420686883625,-1845,-6712,9536,103
1996,12611.897279949595,1888,7004,-9404,1387
1997,18516.765268264324,9953,5599,-8561,5919
1998,18217.006175549264,8442,-4175,-6525,6210
1999,4632.413841616485,2512,-3049,-2081,-3652
